2026-05-26 02:41:34,702 - LibraryScraper - INFO - Scraping Petaluma Regional Library
2026-05-26 02:41:34,702 - LibraryScraper - INFO - Scraping page 1
2026-05-26 02:41:35,834 - LibraryScraper - INFO - Found event: Read to a Dog on 2026-06-10 13:00:00-07:00
2026-05-26 02:41:35,835 - LibraryScraper - INFO - Found event: Petaluma Chess Club on 2026-06-10 15:00:00-07:00
2026-05-26 02:41:35,835 - LibraryScraper - INFO - Found event: Storytime at Leghorns Park Gazebo on 2026-06-11 10:30:00-07:00
2026-05-26 02:41:35,836 - LibraryScraper - INFO - Found event: Lunch at the Library on 2026-06-11 12:00:00-07:00
2026-05-26 02:41:35,836 - LibraryScraper - INFO - Found event: Petaluma Library Book Club on 2026-06-11 12:00:00-07:00
2026-05-26 02:41:35,836 - LibraryScraper - INFO - Found event: Lunch at the Library on 2026-06-12 12:00:00-07:00
2026-05-26 02:41:35,837 - LibraryScraper - INFO - Found event: Dungeons & Dragons Club on 2026-06-12 15:45:00-07:00
2026-05-26 02:41:35,837 - LibraryScraper - INFO - Found event: Read to a Dog on 2026-06-14 14:00:00-07:00
2026-05-26 02:41:35,838 - LibraryScraper - INFO - Found event: Lunch at the Library on 2026-06-15 12:00:00-07:00
2026-05-26 02:41:35,838 - LibraryScraper - INFO - Found event: Didgeridoo Down Under on 2026-06-16 10:30:00-07:00
2026-05-26 02:41:35,838 - LibraryScraper - INFO - Found event: Lunch at the Library on 2026-06-16 12:00:00-07:00
2026-05-26 02:41:35,839 - LibraryScraper - INFO - Found event: English Conversation Club on 2026-06-16 13:00:00-07:00
2026-05-26 02:41:35,839 - LibraryScraper - INFO - Found event: Lunch at the Library on 2026-06-17 12:00:00-07:00
2026-05-26 02:41:35,839 - LibraryScraper - INFO - Found event: Read to a Dog on 2026-06-17 13:00:00-07:00
2026-05-26 02:41:35,840 - LibraryScraper - INFO - Found event: Petaluma Chess Club on 2026-06-17 15:00:00-07:00
2026-05-26 02:41:35,840 - LibraryScraper - INFO - Found event: Pony Bead Axolotl Keychain @ The Phoenix on 2026-06-17 16:00:00-07:00
2026-05-26 02:41:35,840 - LibraryScraper - INFO - Found event: Storytime at Miwok Park on 2026-06-18 10:30:00-07:00
2026-05-26 02:41:35,841 - LibraryScraper - INFO - Found event: Lunch at the Library on 2026-06-18 12:00:00-07:00
2026-05-26 02:41:35,841 - LibraryScraper - INFO - Found event: Pony Bead Axolotl Keychain on 2026-06-18 14:00:00-07:00
2026-05-26 02:41:35,842 - LibraryScraper - INFO - Found event: Santa Rosa Symphony: Celebrating American Composers on 2026-06-20 14:30:00-07:00
2026-05-26 02:41:35,842 - LibraryScraper - INFO - Found event: One on One Tech Help on 2026-06-20 16:00:00-07:00
2026-05-26 02:41:35,842 - LibraryScraper - INFO - Found event: Lunch at the Library on 2026-06-22 12:00:00-07:00
2026-05-26 02:41:35,843 - LibraryScraper - INFO - Found event: Silly Circus & Magic Show on 2026-06-23 10:30:00-07:00
2026-05-26 02:41:35,843 - LibraryScraper - INFO - Scraping page 2
2026-05-26 02:41:36,551 - LibraryScraper - INFO - Found event: Lunch at the Library on 2026-06-23 12:00:00-07:00
2026-05-26 02:41:36,551 - LibraryScraper - INFO - Found event: Graphic Novel Book Club on 2026-06-23 15:30:00-07:00
2026-05-26 02:41:36,551 - LibraryScraper - INFO - Found event: One on One Tech Help on 2026-06-23 17:00:00-07:00
2026-05-26 02:41:36,552 - LibraryScraper - INFO - Found event: Lunch at the Library on 2026-06-24 12:00:00-07:00
2026-05-26 02:41:36,552 - LibraryScraper - INFO - Found event: Read to a Dog on 2026-06-24 13:00:00-07:00
2026-05-26 02:41:36,552 - LibraryScraper - INFO - Found event: Storytime at Wiseman Park on 2026-06-25 10:30:00-07:00
2026-05-26 02:41:36,552 - LibraryScraper - INFO - Found event: Lunch at the Library on 2026-06-25 12:00:00-07:00
2026-05-26 02:41:36,553 - LibraryScraper - INFO - Found event: Plushie Bag Charms on 2026-06-25 14:00:00-07:00
2026-05-26 02:41:36,553 - LibraryScraper - INFO - Found event: Baby Village on 2026-06-26 11:30:00-07:00
2026-05-26 02:41:36,553 - LibraryScraper - INFO - Found event: Lunch at the Library on 2026-06-26 12:00:00-07:00
2026-05-26 02:41:36,553 - LibraryScraper - INFO - Found event: Dungeons & Dragons Club on 2026-06-26 15:45:00-07:00
2026-05-26 02:41:36,554 - LibraryScraper - INFO - Found event: Mambo Soul Music on 2026-06-27 14:00:00-07:00
2026-05-26 02:41:36,554 - LibraryScraper - INFO - Found event: Read to a Dog on 2026-06-28 14:00:00-07:00
2026-05-26 02:41:36,554 - LibraryScraper - INFO - Found event: Lunch at the Library on 2026-06-29 12:00:00-07:00
2026-05-26 02:41:36,555 - LibraryScraper - INFO - Found event: Uncle Jer's Traveling Bee Show on 2026-06-30 10:30:00-07:00
2026-05-26 02:41:36,555 - LibraryScraper - INFO - Found event: Lunch at the Library on 2026-06-30 12:00:00-07:00
2026-05-26 02:41:36,555 - LibraryScraper - INFO - Found event: English Conversation Club on 2026-06-30 13:00:00-07:00
2026-05-26 02:41:36,555 - LibraryScraper - INFO - Found event: Lunch at the Library on 2026-07-01 12:00:00-07:00
2026-05-26 02:41:36,556 - LibraryScraper - INFO - Found event: Read to a Dog on 2026-07-01 13:00:00-07:00
2026-05-26 02:41:36,556 - LibraryScraper - INFO - Found event: Petaluma Chess Club on 2026-07-01 15:00:00-07:00
2026-05-26 02:41:36,556 - LibraryScraper - INFO - Found event: Storytime at Prince Park on 2026-07-02 10:30:00-07:00
2026-05-26 02:41:36,556 - LibraryScraper - INFO - Found event: Lunch at the Library on 2026-07-02 12:00:00-07:00
2026-05-26 02:41:36,557 - LibraryScraper - INFO - Scraping page 3
2026-05-26 02:41:37,327 - LibraryScraper - INFO - Found event: Lunch at the Library on 2026-07-06 12:00:00-07:00
2026-05-26 02:41:37,327 - LibraryScraper - INFO - Found event: Aguacate Music for Kids on 2026-07-07 10:30:00-07:00
2026-05-26 02:41:37,328 - LibraryScraper - INFO - Found event: Lunch at the Library on 2026-07-07 12:00:00-07:00
2026-05-26 02:41:37,328 - LibraryScraper - INFO - Found event: One on One Tech Help on 2026-07-07 17:00:00-07:00
2026-05-26 02:41:37,328 - LibraryScraper - INFO - Found event: Lunch at the Library on 2026-07-08 12:00:00-07:00
2026-05-26 02:41:37,329 - LibraryScraper - INFO - Found event: Read to a Dog on 2026-07-08 13:00:00-07:00
2026-05-26 02:41:37,329 - LibraryScraper - INFO - Found event: Petaluma Chess Club on 2026-07-08 15:00:00-07:00
2026-05-26 02:41:37,329 - LibraryScraper - INFO - Found event: Storytime at Leghorns Park Gazebo on 2026-07-09 10:30:00-07:00
2026-05-26 02:41:37,330 - LibraryScraper - INFO - Found event: Lunch at the Library on 2026-07-09 12:00:00-07:00
2026-05-26 02:41:37,330 - LibraryScraper - INFO - Found event: Petaluma Library Book Club on 2026-07-09 12:00:00-07:00
2026-05-26 02:41:37,330 - LibraryScraper - INFO - Found event: Baby Village on 2026-07-10 11:30:00-07:00
2026-05-26 02:41:37,331 - LibraryScraper - INFO - Found event: Lunch at the Library on 2026-07-10 12:00:00-07:00
2026-05-26 02:41:37,331 - LibraryScraper - INFO - Found event: Dungeons & Dragons Club on 2026-07-10 15:45:00-07:00
2026-05-26 02:41:37,331 - LibraryScraper - INFO - Found event: Read to a Dog on 2026-07-12 14:00:00-07:00
2026-05-26 02:41:37,332 - LibraryScraper - INFO - Found event: Lunch at the Library on 2026-07-13 12:00:00-07:00
2026-05-26 02:41:37,332 - LibraryScraper - INFO - Found event: Buzz, Bloom, Read Storycraft on 2026-07-14 10:30:00-07:00
2026-05-26 02:41:37,332 - LibraryScraper - INFO - Found event: Lunch at the Library on 2026-07-14 12:00:00-07:00
2026-05-26 02:41:37,333 - LibraryScraper - INFO - Found event: English Conversation Club on 2026-07-14 13:00:00-07:00
2026-05-26 02:41:37,333 - LibraryScraper - INFO - Found event: Plant Pens on 2026-07-14 15:30:00-07:00
2026-05-26 02:41:37,333 - LibraryScraper - INFO - Found event: Lunch at the Library on 2026-07-15 12:00:00-07:00
2026-05-26 02:41:37,333 - LibraryScraper - INFO - Found event: Read to a Dog on 2026-07-15 13:00:00-07:00
2026-05-26 02:41:37,334 - LibraryScraper - INFO - Found event: Petaluma Chess Club on 2026-07-15 15:00:00-07:00
2026-05-26 02:41:37,334 - LibraryScraper - INFO - Found event: Make a Pride Heart Pin @ The Phoenix on 2026-07-15 16:00:00-07:00
2026-05-26 02:41:37,334 - LibraryScraper - INFO - Found event: Storytime at Bond Park on 2026-07-16 10:30:00-07:00
2026-05-26 02:41:37,334 - LibraryScraper - INFO - Scraping page 4
2026-05-26 02:41:38,187 - LibraryScraper - INFO - Found event: Lunch at the Library on 2026-07-16 12:00:00-07:00
2026-05-26 02:41:38,188 - LibraryScraper - INFO - Found event: Baby Village on 2026-07-17 11:30:00-07:00
2026-05-26 02:41:38,188 - LibraryScraper - INFO - Found event: Lunch at the Library on 2026-07-17 12:00:00-07:00
2026-05-26 02:41:38,188 - LibraryScraper - INFO - Found event: Dungeons & Dragons Club on 2026-07-17 15:45:00-07:00
2026-05-26 02:41:38,189 - LibraryScraper - INFO - Found event: Club de cultura on 2026-07-18 11:00:00-07:00
2026-05-26 02:41:38,189 - LibraryScraper - INFO - Found event: Expressive Art Workshop on 2026-07-18 14:00:00-07:00
2026-05-26 02:41:38,189 - LibraryScraper - INFO - Found event: One on One Tech Help on 2026-07-18 16:00:00-07:00
2026-05-26 02:41:38,189 - LibraryScraper - INFO - Found event: Lunch at the Library on 2026-07-20 12:00:00-07:00
2026-05-26 02:41:38,190 - LibraryScraper - INFO - Found event: Jungle James Animal Adventures on 2026-07-21 10:30:00-07:00
2026-05-26 02:41:38,190 - LibraryScraper - INFO - Found event: Lunch at the Library on 2026-07-21 12:00:00-07:00
2026-05-26 02:41:38,190 - LibraryScraper - INFO - Found event: Graphic Novel Book Club on 2026-07-21 15:30:00-07:00
2026-05-26 02:41:38,191 - LibraryScraper - INFO - Found event: One on One Tech Help on 2026-07-21 17:00:00-07:00
2026-05-26 02:41:38,191 - LibraryScraper - INFO - Found event: Lunch at the Library on 2026-07-22 12:00:00-07:00
2026-05-26 02:41:38,191 - LibraryScraper - INFO - Found event: Read to a Dog on 2026-07-22 13:00:00-07:00
2026-05-26 02:41:38,192 - LibraryScraper - INFO - Found event: Petaluma Library Advisory Board on 2026-07-22 16:00:00-07:00
2026-05-26 02:41:38,192 - LibraryScraper - INFO - Found event: Storytime at La Tercera Park on 2026-07-23 10:30:00-07:00
2026-05-26 02:41:38,192 - LibraryScraper - INFO - Found event: Lunch at the Library on 2026-07-23 12:00:00-07:00
2026-05-26 02:41:38,193 - LibraryScraper - INFO - Found event: Baby Village on 2026-07-24 11:30:00-07:00
2026-05-26 02:41:38,193 - LibraryScraper - INFO - Found event: Lunch at the Library on 2026-07-24 12:00:00-07:00
2026-05-26 02:41:38,193 - LibraryScraper - INFO - Found event: Dungeons & Dragons Club on 2026-07-24 15:45:00-07:00
2026-05-26 02:41:38,194 - LibraryScraper - INFO - Found event: Read to a Dog on 2026-07-26 14:00:00-07:00
2026-05-26 02:41:38,194 - LibraryScraper - INFO - Found event: Lunch at the Library on 2026-07-27 12:00:00-07:00
2026-05-26 02:41:38,194 - LibraryScraper - INFO - Found event: Puppylocks and the Three Bears on 2026-07-28 10:30:00-07:00
2026-05-26 02:41:38,195 - LibraryScraper - INFO - Found event: Lunch at the Library on 2026-07-28 12:00:00-07:00
2026-05-26 02:41:38,195 - LibraryScraper - INFO - Scraping page 5
2026-05-26 02:41:38,879 - LibraryScraper - INFO - Found event: English Conversation Club on 2026-07-28 13:00:00-07:00
2026-05-26 02:41:38,880 - LibraryScraper - INFO - Found event: Lunch at the Library on 2026-07-29 12:00:00-07:00
2026-05-26 02:41:38,880 - LibraryScraper - INFO - Found event: Read to a Dog on 2026-07-29 13:00:00-07:00
2026-05-26 02:41:38,880 - LibraryScraper - INFO - Found event: Petaluma Chess Club on 2026-07-29 15:00:00-07:00
2026-05-26 02:41:38,881 - LibraryScraper - INFO - Found event: Vegan Cooking Demo on 2026-07-29 17:30:00-07:00
2026-05-26 02:41:38,881 - LibraryScraper - INFO - Found event: Storytime at Prince Park on 2026-07-30 10:30:00-07:00
2026-05-26 02:41:38,882 - LibraryScraper - INFO - Found event: Lunch at the Library on 2026-07-30 12:00:00-07:00
2026-05-26 02:41:38,882 - LibraryScraper - INFO - Found event: Summer Movies on 2026-07-30 14:00:00-07:00
2026-05-26 02:41:38,882 - LibraryScraper - INFO - Found event: Baby Village on 2026-07-31 11:30:00-07:00
2026-05-26 02:41:38,883 - LibraryScraper - INFO - Found event: Lunch at the Library on 2026-07-31 12:00:00-07:00
2026-05-26 02:41:38,883 - LibraryScraper - INFO - Found event: Dungeons & Dragons Club on 2026-07-31 15:45:00-07:00
2026-05-26 02:41:38,884 - LibraryScraper - INFO - Found event: The doRiaN Mode - Jazz Music on 2026-08-01 14:00:00-07:00
2026-05-26 02:41:38,884 - LibraryScraper - INFO - Found event: One on One Tech Help on 2026-08-01 16:00:00-07:00
2026-05-26 02:41:38,884 - LibraryScraper - INFO - Found event: Lunch at the Library on 2026-08-03 12:00:00-07:00
2026-05-26 02:41:38,885 - LibraryScraper - INFO - Found event: Lunch at the Library on 2026-08-04 12:00:00-07:00
2026-05-26 02:41:38,885 - LibraryScraper - INFO - Found event: Graphic Novel Book Club on 2026-08-04 15:30:00-07:00
2026-05-26 02:41:38,885 - LibraryScraper - INFO - Found event: One on One Tech Help on 2026-08-04 17:00:00-07:00
2026-05-26 02:41:38,886 - LibraryScraper - INFO - Found event: Lunch at the Library on 2026-08-05 12:00:00-07:00
2026-05-26 02:41:38,886 - LibraryScraper - INFO - Found event: Read to a Dog on 2026-08-05 13:00:00-07:00
2026-05-26 02:41:38,886 - LibraryScraper - INFO - Found event: Lunch at the Library on 2026-08-06 12:00:00-07:00
2026-05-26 02:41:38,887 - LibraryScraper - INFO - Found event: Baby Village on 2026-08-07 11:30:00-07:00
2026-05-26 02:41:38,887 - LibraryScraper - INFO - Found event: Lunch at the Library on 2026-08-07 12:00:00-07:00
2026-05-26 02:41:38,887 - LibraryScraper - INFO - Found event: Read to a Dog on 2026-08-09 14:00:00-07:00
2026-05-26 02:41:38,888 - LibraryScraper - INFO - Found event: Read to a Dog on 2026-08-12 13:00:00-07:00
2026-05-26 02:41:38,888 - LibraryScraper - INFO - Stopping: page 5 events are beyond 2 months
2026-05-26 02:41:38,888 - LibraryScraper - INFO - Filtered 3 events beyond 2 months out
2026-05-26 02:41:38,888 - LibraryScraper - INFO - Found 90 events
2026-05-26 02:41:38,919 - LibraryScraper - INFO - Written to cities/petaluma/library_intercept.ics
2026-05-26 02:41:39,185 - MysticTheatreScraper - INFO - Scraping Mystic Theatre
2026-05-26 02:41:39,185 - MysticTheatreScraper - INFO - Fetching https://www.mystictheatre.com/calendar
2026-05-26 02:41:40,178 - MysticTheatreScraper - INFO - Found 12 event cards
2026-05-26 02:41:40,180 - MysticTheatreScraper - INFO - Found event: Sun Kil Moon | Fully Seated on 2026-05-28 20:30:00
2026-05-26 02:41:40,182 - MysticTheatreScraper - INFO - Found event: The Billie Holiday Project | Fully Seated on 2026-05-29 20:30:00
2026-05-26 02:41:40,183 - MysticTheatreScraper - INFO - Found event: The Mighty Cash Cats – Johnny Cash Show on 2026-06-06 20:30:00
2026-05-26 02:41:40,185 - MysticTheatreScraper - INFO - Found event: Filth, brokeNCYDE, Enthronement on 2026-06-08 20:30:00
2026-05-26 02:41:40,186 - MysticTheatreScraper - INFO - Found event: Mihali on 2026-06-11 20:30:00
2026-05-26 02:41:40,188 - MysticTheatreScraper - INFO - Found event: JAMIE LISSOW: The Better Off Dad Tour | Fully Seated on 2026-06-12 20:00:00
2026-05-26 02:41:40,189 - MysticTheatreScraper - INFO - Found event: Tequila & Mezcal Tasting on 2026-06-16 17:30:00
2026-05-26 02:41:40,190 - MysticTheatreScraper - INFO - Found event: Valerie: A Tribute to Amy Winehouse on 2026-06-20 20:00:00
2026-05-26 02:41:40,192 - MysticTheatreScraper - INFO - Found event: Jerry's Middle Finger on 2026-06-26 20:30:00
2026-05-26 02:41:40,193 - MysticTheatreScraper - INFO - Found event: Burning Down The House on 2026-07-10 20:00:00
2026-05-26 02:41:40,195 - MysticTheatreScraper - INFO - Found event: The Stinkfoot Orchestra on 2026-07-17 20:00:00
2026-05-26 02:41:40,196 - MysticTheatreScraper - INFO - Found event: Heart of Gold Band on 2026-08-22 20:00:00
2026-05-26 02:41:40,241 - MysticTheatreScraper - INFO - Fetching https://www.mystictheatre.com/calendar?list1page=2
2026-05-26 02:41:41,380 - MysticTheatreScraper - INFO - Found 7 event cards
2026-05-26 02:41:41,381 - MysticTheatreScraper - INFO - Found event: Heart of Gold Band on 2026-08-23 20:00:00
2026-05-26 02:41:41,383 - MysticTheatreScraper - INFO - Found event: Vieux Farka Touré on 2026-09-18 20:00:00
2026-05-26 02:41:41,384 - MysticTheatreScraper - INFO - Found event: Perfume Genius (Duo) | Fully Seated on 2026-10-01 20:30:00
2026-05-26 02:41:41,386 - MysticTheatreScraper - INFO - Found event: Adam Carolla | Fully Seated on 2026-11-14 20:30:00
2026-05-26 02:41:41,387 - MysticTheatreScraper - INFO - Found event: Jervis Campbell | Fully Seated on 2026-11-15 20:00:00
2026-05-26 02:41:41,389 - MysticTheatreScraper - INFO - Found event: Y&T: Night 1 on 2026-11-20 20:00:00
2026-05-26 02:41:41,390 - MysticTheatreScraper - INFO - Found event: Y&T: Night 2 on 2026-11-21 20:00:00
2026-05-26 02:41:41,390 - MysticTheatreScraper - INFO - Filtered 8 events beyond 2 months out
2026-05-26 02:41:41,390 - MysticTheatreScraper - INFO - Found 11 events
2026-05-26 02:41:41,393 - MysticTheatreScraper - INFO - Written to cities/petaluma/mystic_theatre.ics
2026-05-26 02:41:41,560 - MaxPrepsScraper - INFO - Scraping Petaluma High School
2026-05-26 02:41:41,560 - MaxPrepsScraper - INFO - Fetching https://www.maxpreps.com/ca/petaluma/petaluma-trojans/events/
2026-05-26 02:41:42,070 - MaxPrepsScraper - INFO - Found 0 contests in __NEXT_DATA__
2026-05-26 02:41:42,070 - MaxPrepsScraper - INFO - Found 0 events
2026-05-26 02:41:42,071 - MaxPrepsScraper - INFO - Written to cities/petaluma/maxpreps_petaluma_high.ics
2026-05-26 02:41:42,228 - MaxPrepsScraper - INFO - Scraping Casa Grande High School
2026-05-26 02:41:42,228 - MaxPrepsScraper - INFO - Fetching https://www.maxpreps.com/ca/petaluma/casa-grande-gauchos/events/
2026-05-26 02:41:42,643 - MaxPrepsScraper - INFO - Found 0 contests in __NEXT_DATA__
2026-05-26 02:41:42,643 - MaxPrepsScraper - INFO - Found 0 events
2026-05-26 02:41:42,644 - MaxPrepsScraper - INFO - Written to cities/petaluma/maxpreps_casa_grande.ics
# Found 2 events
2026-05-26 02:41:44,719 - MercuryTheaterScraper - INFO - Scraping Mercury Theater
2026-05-26 02:41:44,719 - MercuryTheaterScraper - INFO - Fetching https://www.mercurytheater.org/mercury-theater-calendar?format=json
2026-05-26 02:41:45,071 - MercuryTheaterScraper - INFO - Found 6 upcoming events
2026-05-26 02:41:45,072 - MercuryTheaterScraper - INFO - Found 6 events
2026-05-26 02:41:45,074 - MercuryTheaterScraper - INFO - Written to cities/petaluma/mercury_theater.ics
2026-05-26 02:41:45,231 - AdobeRoadScraper - INFO - Scraping Adobe Road Winery
2026-05-26 02:41:45,231 - AdobeRoadScraper - INFO - Fetching https://adoberoadwines.com/mec-category/petaluma-events/
2026-05-26 02:41:45,409 - AdobeRoadScraper - INFO - Found 12 JSON-LD events on https://adoberoadwines.com/mec-category/petaluma-events/
2026-05-26 02:41:45,410 - AdobeRoadScraper - INFO - Total: 10 events
2026-05-26 02:41:45,410 - AdobeRoadScraper - INFO - Found 10 events
2026-05-26 02:41:45,413 - AdobeRoadScraper - INFO - Written to cities/petaluma/adobe_road.ics
2026-05-26 02:41:45,570 - PetalumaArtsCenterScraper - INFO - Scraping Petaluma Arts Center
2026-05-26 02:41:45,570 - PetalumaArtsCenterScraper - INFO - Fetching https://petalumaartscenter.org/events-exhibitions?format=json
2026-05-26 02:41:46,011 - PetalumaArtsCenterScraper - INFO - Found 9 upcoming events
2026-05-26 02:41:46,012 - PetalumaArtsCenterScraper - INFO - Filtered 2 events beyond 2 months out
2026-05-26 02:41:46,012 - PetalumaArtsCenterScraper - INFO - Found 7 events
2026-05-26 02:41:46,016 - PetalumaArtsCenterScraper - INFO - Written to cities/petaluma/petaluma_arts_center.ics
2026-05-26 02:41:46,174 - BrewstersScraper - INFO - Scraping Brewsters Beer Garden
2026-05-26 02:41:46,174 - BrewstersScraper - INFO - Fetching https://brewstersbeergarden.com/calendar1?format=json
2026-05-26 02:41:46,685 - BrewstersScraper - INFO - Found 32 upcoming events
2026-05-26 02:41:46,685 - BrewstersScraper - INFO - Found 32 events
2026-05-26 02:41:46,692 - BrewstersScraper - INFO - Written to cities/petaluma/brewsters.ics
2026-05-26 02:41:46,848 - CoolPetalumaScraper - INFO - Scraping Cool Petaluma
2026-05-26 02:41:46,848 - CoolPetalumaScraper - INFO - Fetching https://coolpetaluma.org/events?format=json
2026-05-26 02:41:47,337 - CoolPetalumaScraper - INFO - Found 4 upcoming events
2026-05-26 02:41:47,337 - CoolPetalumaScraper - INFO - Filtered 1 events beyond 2 months out
2026-05-26 02:41:47,337 - CoolPetalumaScraper - INFO - Found 3 events
2026-05-26 02:41:47,341 - CoolPetalumaScraper - INFO - Written to cities/petaluma/cool_petaluma.ics
2026-05-26 02:41:47,500 - PetalumaRiverParkScraper - INFO - Scraping Petaluma River Park
2026-05-26 02:41:47,500 - PetalumaRiverParkScraper - INFO - Fetching https://petalumariverpark.org/calendar?format=json
2026-05-26 02:41:47,905 - PetalumaRiverParkScraper - INFO - Found 16 upcoming events
2026-05-26 02:41:47,905 - PetalumaRiverParkScraper - INFO - Filtered 2 events beyond 2 months out
2026-05-26 02:41:47,905 - PetalumaRiverParkScraper - INFO - Found 14 events
2026-05-26 02:41:47,912 - PetalumaRiverParkScraper - INFO - Written to cities/petaluma/petaluma_river_park.ics
2026-05-26 02:41:48,087 - INFO - Scraping Blue Zones Project Petaluma
2026-05-26 02:41:49,067 - INFO - Discovered 11 event URLs from organizer page
2026-05-26 02:41:49,067 - INFO - Fetching 11 event pages (parallel)...
2026-05-26 02:41:50,522 - INFO - Got 8 future events
2026-05-26 02:41:50,522 - INFO - Found 8 events
2026-05-26 02:41:50,524 - INFO - Written to cities/petaluma/bluezones_petaluma.ics
2026-05-26 02:41:50,685 - INFO - Scraping Phoenix Theater
2026-05-26 02:41:51,537 - INFO - Discovered 12 event URLs from organizer page
2026-05-26 02:41:51,537 - INFO - Fetching 12 event pages (parallel)...
2026-05-26 02:41:53,157 - INFO - Got 12 future events
2026-05-26 02:41:53,157 - INFO - Found 12 events
2026-05-26 02:41:53,160 - INFO - Written to cities/petaluma/phoenix_theater.ics
2026-05-26 02:41:53,384 - LagunitasScraper - INFO - Scraping Lagunitas Brewing Company
2026-05-26 02:41:53,384 - LagunitasScraper - INFO - Fetching https://lagunitas.com/taproom/petaluma/
2026-05-26 02:41:53,808 - LagunitasScraper - INFO - Found: Live at Lagunitas - BLU DETIGER on 2026-05-25 16:20
2026-05-26 02:41:53,809 - LagunitasScraper - INFO - Found: Board Game Social Night on 2026-05-29 16:00
2026-05-26 02:41:53,809 - LagunitasScraper - INFO - Found: Live Music - KALA Presents: Ukes and Brews on 2026-05-30 12:00
2026-05-26 02:41:53,810 - LagunitasScraper - INFO - Found: Live Music - Nick Otis Orchestra on 2026-05-31 14:30
2026-05-26 02:41:53,810 - LagunitasScraper - INFO - Found: Live Music - Shane Schlick band on 2026-06-07 14:30
2026-05-26 02:41:53,810 - LagunitasScraper - INFO - Found: Live Music - Werewolf on Holiday on 2026-06-14 14:30
2026-05-26 02:41:53,811 - LagunitasScraper - INFO - Found: Live at Lagunitas - NEAL FRANCIS on 2026-06-15 16:20
2026-05-26 02:41:53,811 - LagunitasScraper - INFO - Found 7 events
2026-05-26 02:41:53,813 - LagunitasScraper - INFO - Written to cities/petaluma/lagunitas.ics
2026-05-26 02:41:53,976 - FloathouseScraper - INFO - Scraping The Floathouse Petaluma
2026-05-26 02:41:53,976 - FloathouseScraper - INFO - Fetching https://www.thefloathousepetaluma.org/events?format=json
2026-05-26 02:41:54,680 - FloathouseScraper - INFO - Found 79 upcoming events
2026-05-26 02:41:54,680 - FloathouseScraper - INFO - Filtered 50 events beyond 2 months out
2026-05-26 02:41:54,680 - FloathouseScraper - INFO - Found 29 events
2026-05-26 02:41:54,701 - FloathouseScraper - INFO - Written to cities/petaluma/floathouse.ics
2026-05-26 02:41:54,859 - HallOfTheAboveScraper - INFO - Scraping Hall of the Above
2026-05-26 02:41:54,859 - HallOfTheAboveScraper - INFO - Fetching https://www.halloftheabove.com/event-database?format=json
2026-05-26 02:41:55,319 - HallOfTheAboveScraper - INFO - Found 12 upcoming events
2026-05-26 02:41:55,319 - HallOfTheAboveScraper - INFO - Filtered 4 events beyond 2 months out
2026-05-26 02:41:55,319 - HallOfTheAboveScraper - INFO - Found 8 events
2026-05-26 02:41:55,322 - HallOfTheAboveScraper - INFO - Written to cities/petaluma/hall_of_the_above.ics
2026-05-26 02:41:55,545 - UsherGalleryScraper - INFO - Scraping Usher Gallery
2026-05-26 02:41:55,545 - UsherGalleryScraper - INFO - Fetching https://ushergallerypetaluma.com/
2026-05-26 02:41:56,033 - UsherGalleryScraper - INFO - Found 2 event cards
2026-05-26 02:41:56,037 - UsherGalleryScraper - INFO - Found 2 events
2026-05-26 02:41:56,038 - UsherGalleryScraper - INFO - Written to cities/petaluma/usher_gallery.ics
2026-05-26 02:41:56,266 - RusseWinesScraper - INFO - Scraping Montagne Russe Winery
2026-05-26 02:41:56,266 - RusseWinesScraper - INFO - Fetching https://www.russewines.com/Events
2026-05-26 02:41:57,013 - RusseWinesScraper - INFO - Found 2 event blocks
2026-05-26 02:41:57,017 - RusseWinesScraper - INFO - Found 12 events
2026-05-26 02:41:57,020 - RusseWinesScraper - INFO - Written to cities/petaluma/russewines.ics
2026-05-26 02:41:57,250 - CopperfieldsScraper - INFO - Scraping Copperfield's Books Petaluma
2026-05-26 02:41:57,250 - CopperfieldsScraper - INFO - Fetching https://copperfieldsbooks.com/upcoming-events?tags=2073
2026-05-26 02:41:58,111 - CopperfieldsScraper - INFO - Found 4 event rows
2026-05-26 02:41:58,120 - CopperfieldsScraper - INFO - Found 4 events
2026-05-26 02:41:58,121 - CopperfieldsScraper - INFO - Written to cities/petaluma/copperfields.ics
2026-05-26 02:41:58,285 - TheBlockPetalumaScraper - INFO - Scraping The Block Petaluma
2026-05-26 02:41:58,285 - TheBlockPetalumaScraper - INFO - Fetching Elfsight data for widget 5a98f0f4-e510-4ea3-bcba-794725c130dc
2026-05-26 02:41:58,499 - TheBlockPetalumaScraper - INFO - Loaded 106 events, 1 locations, 2 event types
2026-05-26 02:41:58,502 - TheBlockPetalumaScraper - INFO - Expanded to 19 event occurrences
2026-05-26 02:41:58,503 - TheBlockPetalumaScraper - INFO - Found 19 events
2026-05-26 02:41:58,506 - TheBlockPetalumaScraper - INFO - Written to cities/petaluma/the_block_petaluma.ics
2026-05-26 02:41:58,663 - VillageNetworkScraper - INFO - Scraping Village Network of Petaluma
2026-05-26 02:41:58,664 - VillageNetworkScraper - INFO - Fetching index https://www.villagenetworkofpetaluma.org/events.json for 2026-05-25 → 2026-08-09
2026-05-26 02:41:59,008 - VillageNetworkScraper - INFO - Found 86 events in index
2026-05-26 02:42:00,937 - VillageNetworkScraper - INFO - Found 86 events
2026-05-26 02:42:00,950 - VillageNetworkScraper - INFO - Written to cities/petaluma/village_network.ics
2026-05-26 02:42:01,179 - VisitPetalumaScraper - INFO - Scraping Visit Petaluma
2026-05-26 02:42:01,179 - VisitPetalumaScraper - INFO - Fetching page 1: https://www.visitpetaluma.com/find-events/
2026-05-26 02:42:02,205 - VisitPetalumaScraper - INFO - Fetching page 2: https://www.visitpetaluma.com/find-events/page/2/
2026-05-26 02:42:03,077 - VisitPetalumaScraper - INFO - Fetching page 3: https://www.visitpetaluma.com/find-events/page/3/
2026-05-26 02:42:03,855 - VisitPetalumaScraper - INFO - Fetching page 4: https://www.visitpetaluma.com/find-events/page/4/
2026-05-26 02:42:04,648 - VisitPetalumaScraper - INFO - Fetching page 5: https://www.visitpetaluma.com/find-events/page/5/
2026-05-26 02:42:05,580 - VisitPetalumaScraper - INFO - Fetching page 6: https://www.visitpetaluma.com/find-events/page/6/
2026-05-26 02:42:06,380 - VisitPetalumaScraper - INFO - Fetching page 7: https://www.visitpetaluma.com/find-events/page/7/
2026-05-26 02:42:07,241 - VisitPetalumaScraper - INFO - Fetching page 8: https://www.visitpetaluma.com/find-events/page/8/
2026-05-26 02:42:07,965 - VisitPetalumaScraper - INFO - Filtered 23 events beyond 2 months out
2026-05-26 02:42:07,965 - VisitPetalumaScraper - INFO - Found 36 events
2026-05-26 02:42:07,973 - VisitPetalumaScraper - INFO - Written to cities/petaluma/visit_petaluma.ics
2026-05-26 02:42:27,742 - INFO - Processing meetup_active_20_30.ics...
2026-05-26 02:42:27,742 - INFO - meetup_active_20_30.ics: no new images
2026-05-26 02:42:27,742 - INFO - Processing meetup_book_brew.ics...
2026-05-26 02:42:27,743 - INFO -   Fetching image for: https://www.meetup.com/petaluma-book-and-brew-club/events/314772686/
2026-05-26 02:42:28,494 - INFO -     -> https://secure.meetupstatic.com/photos/event/8/1/c/d/600_534213229.jpeg
2026-05-26 02:42:28,494 - INFO - meetup_book_brew.ics: added 1 image(s)
2026-05-26 02:42:28,494 - INFO - Processing meetup_candlelight_yoga.ics...
2026-05-26 02:42:28,495 - INFO -   Fetching image for: https://www.meetup.com/meetup-group-bwkyqavs/events/314744280/
2026-05-26 02:42:29,204 - INFO -     -> https://secure.meetupstatic.com/photos/event/6/7/4/2/600_533906434.jpeg
2026-05-26 02:42:29,204 - INFO -   Fetching image for: https://www.meetup.com/meetup-group-bwkyqavs/events/314847505/
2026-05-26 02:42:30,040 - INFO -     -> https://secure.meetupstatic.com/photos/event/6/7/4/2/600_533906434.jpeg
2026-05-26 02:42:30,040 - INFO -   Fetching image for: https://www.meetup.com/meetup-group-bwkyqavs/events/314949731/
2026-05-26 02:42:31,120 - INFO -     -> https://secure.meetupstatic.com/photos/event/6/7/4/2/600_533906434.jpeg
2026-05-26 02:42:31,121 - INFO -   Fetching image for: https://www.meetup.com/meetup-group-bwkyqavs/events/ghvfxtyjcjbcc/
2026-05-26 02:42:31,880 - INFO -     -> https://secure.meetupstatic.com/photos/event/6/7/4/2/600_533906434.jpeg
2026-05-26 02:42:31,880 - INFO -   Fetching image for: https://www.meetup.com/meetup-group-bwkyqavs/events/ghvfxtyjcjblc/
2026-05-26 02:42:32,785 - INFO -     -> https://secure.meetupstatic.com/photos/event/6/7/4/2/600_533906434.jpeg
2026-05-26 02:42:32,785 - INFO -   Fetching image for: https://www.meetup.com/meetup-group-bwkyqavs/events/ghvfxtyjckbhb/
2026-05-26 02:42:33,623 - INFO -     -> https://secure.meetupstatic.com/photos/event/6/7/4/2/600_533906434.jpeg
2026-05-26 02:42:33,623 - INFO -   Fetching image for: https://www.meetup.com/meetup-group-bwkyqavs/events/ghvfxtyjckbqb/
2026-05-26 02:42:34,749 - INFO -     -> https://secure.meetupstatic.com/photos/event/6/7/4/2/600_533906434.jpeg
2026-05-26 02:42:34,750 - INFO -   Fetching image for: https://www.meetup.com/meetup-group-bwkyqavs/events/ghvfxtyjckbzb/
2026-05-26 02:42:35,595 - INFO -     -> https://secure.meetupstatic.com/photos/event/6/7/4/2/600_533906434.jpeg
2026-05-26 02:42:35,596 - INFO -   Fetching image for: https://www.meetup.com/meetup-group-bwkyqavs/events/ghvfxtyjckbjc/
2026-05-26 02:42:36,441 - INFO -     -> https://secure.meetupstatic.com/photos/event/6/7/4/2/600_533906434.jpeg
2026-05-26 02:42:36,441 - INFO -   Fetching image for: https://www.meetup.com/meetup-group-bwkyqavs/events/ghvfxtyjclbdb/
2026-05-26 02:42:37,477 - INFO -     -> https://secure.meetupstatic.com/photos/event/6/7/4/2/600_533906434.jpeg
2026-05-26 02:42:37,477 - INFO - meetup_candlelight_yoga.ics: added 10 image(s)
2026-05-26 02:42:37,477 - INFO - Processing meetup_figure_drawing.ics...
2026-05-26 02:42:37,478 - INFO -   Fetching image for: https://www.meetup.com/petaluma-figure-drawing-meetup-group/events/314911909/
2026-05-26 02:42:38,231 - INFO -     -> https://secure.meetupstatic.com/photos/event/4/4/f/7/600_528077655.jpeg
2026-05-26 02:42:38,232 - INFO -   Fetching image for: https://www.meetup.com/petaluma-figure-drawing-meetup-group/events/314496897/
2026-05-26 02:42:39,008 - INFO -     -> https://secure.meetupstatic.com/photos/event/a/2/4/9/600_534101545.jpeg
2026-05-26 02:42:39,009 - INFO -   Fetching image for: https://www.meetup.com/petaluma-figure-drawing-meetup-group/events/314911937/
2026-05-26 02:42:39,755 - INFO -     -> https://secure.meetupstatic.com/photos/event/4/4/f/7/600_528077655.jpeg
2026-05-26 02:42:39,755 - INFO -   Fetching image for: https://www.meetup.com/petaluma-figure-drawing-meetup-group/events/314911950/
2026-05-26 02:42:40,500 - INFO -     -> https://secure.meetupstatic.com/photos/event/4/4/f/7/600_528077655.jpeg
2026-05-26 02:42:40,501 - INFO - meetup_figure_drawing.ics: added 4 image(s)
2026-05-26 02:42:40,501 - INFO - Processing meetup_meditate_monk.ics...
2026-05-26 02:42:40,501 - INFO -   Fetching image for: https://www.meetup.com/meditate-with-a-monk-in-sonoma-county/events/314670324/
2026-05-26 02:42:41,411 - INFO -     -> https://secure.meetupstatic.com/photos/event/b/3/5/5/600_530865909.jpeg
2026-05-26 02:42:41,411 - INFO -   Fetching image for: https://www.meetup.com/meditate-with-a-monk-in-sonoma-county/events/314744161/
2026-05-26 02:42:43,004 - INFO -     -> https://secure.meetupstatic.com/photos/event/4/f/5/2/600_513320306.jpeg
2026-05-26 02:42:43,005 - INFO -   Fetching image for: https://www.meetup.com/meditate-with-a-monk-in-sonoma-county/events/314745467/
2026-05-26 02:42:43,775 - INFO -     -> https://secure.meetupstatic.com/photos/event/b/3/7/8/600_530865944.jpeg
2026-05-26 02:42:43,775 - INFO -   Fetching image for: https://www.meetup.com/meditate-with-a-monk-in-sonoma-county/events/314744636/
2026-05-26 02:42:44,554 - INFO -     -> https://secure.meetupstatic.com/photos/event/1/3/d/9/600_480545081.jpeg
2026-05-26 02:42:44,554 - INFO -   Fetching image for: https://www.meetup.com/meditate-with-a-monk-in-sonoma-county/events/314779069/
2026-05-26 02:42:45,633 - INFO -     -> https://secure.meetupstatic.com/photos/event/b/3/5/5/600_530865909.jpeg
2026-05-26 02:42:45,633 - INFO -   Fetching image for: https://www.meetup.com/meditate-with-a-monk-in-sonoma-county/events/314847498/
2026-05-26 02:42:46,356 - INFO -     -> https://secure.meetupstatic.com/photos/event/4/f/5/2/600_513320306.jpeg
2026-05-26 02:42:46,357 - INFO -   Fetching image for: https://www.meetup.com/meditate-with-a-monk-in-sonoma-county/events/314847606/
2026-05-26 02:42:47,095 - INFO -     -> https://secure.meetupstatic.com/photos/event/b/3/7/8/600_530865944.jpeg
2026-05-26 02:42:47,095 - INFO -   Fetching image for: https://www.meetup.com/meditate-with-a-monk-in-sonoma-county/events/314851648/
2026-05-26 02:42:47,948 - INFO -     -> https://secure.meetupstatic.com/photos/event/1/3/d/9/600_480545081.jpeg
2026-05-26 02:42:47,949 - INFO -   Fetching image for: https://www.meetup.com/meditate-with-a-monk-in-sonoma-county/events/314886331/
2026-05-26 02:42:48,728 - INFO -     -> https://secure.meetupstatic.com/photos/event/b/3/5/5/600_530865909.jpeg
2026-05-26 02:42:48,728 - INFO -   Fetching image for: https://www.meetup.com/meditate-with-a-monk-in-sonoma-county/events/314949722/
2026-05-26 02:42:49,495 - INFO -     -> https://secure.meetupstatic.com/photos/event/4/f/5/2/600_513320306.jpeg
2026-05-26 02:42:49,495 - INFO - meetup_meditate_monk.ics: added 10 image(s)
2026-05-26 02:42:49,495 - INFO - Processing meetup_mindful_petaluma.ics...
2026-05-26 02:42:49,496 - INFO -   Fetching image for: https://www.meetup.com/mindfulnesspetaluma/events/314669858/
2026-05-26 02:42:50,894 - INFO -     -> https://secure.meetupstatic.com/photos/event/3/2/2/8/600_527532840.jpeg
2026-05-26 02:42:50,895 - INFO -   Fetching image for: https://www.meetup.com/mindfulnesspetaluma/events/314686499/
2026-05-26 02:42:52,494 - INFO -     -> https://secure.meetupstatic.com/photos/event/5/d/8/b/600_516803947.jpeg
2026-05-26 02:42:52,494 - INFO -   Fetching image for: https://www.meetup.com/mindfulnesspetaluma/events/314919091/
2026-05-26 02:42:53,215 - INFO -     -> https://secure.meetupstatic.com/photos/event/2/c/2/7/600_534191303.jpeg
2026-05-26 02:42:53,215 - INFO -   Fetching image for: https://www.meetup.com/mindfulnesspetaluma/events/314729583/
2026-05-26 02:42:53,971 - INFO -     -> https://secure.meetupstatic.com/photos/event/d/9/3/f/600_534235615.jpeg
2026-05-26 02:42:53,971 - INFO -   Fetching image for: https://www.meetup.com/mindfulnesspetaluma/events/314763072/
2026-05-26 02:42:55,065 - INFO -     -> https://secure.meetupstatic.com/photos/event/2/c/2/7/600_534191303.jpeg
2026-05-26 02:42:55,065 - INFO -   Fetching image for: https://www.meetup.com/mindfulnesspetaluma/events/314778592/
2026-05-26 02:42:56,363 - INFO -     -> https://secure.meetupstatic.com/photos/event/3/2/2/8/600_527532840.jpeg
2026-05-26 02:42:56,364 - INFO -   Fetching image for: https://www.meetup.com/mindfulnesspetaluma/events/314795358/
2026-05-26 02:42:57,215 - INFO -     -> https://secure.meetupstatic.com/photos/event/5/d/8/b/600_516803947.jpeg
2026-05-26 02:42:57,215 - INFO -   Fetching image for: https://www.meetup.com/mindfulnesspetaluma/events/314812224/
2026-05-26 02:42:58,430 - INFO -     -> https://secure.meetupstatic.com/photos/event/2/c/2/7/600_534191303.jpeg
2026-05-26 02:42:58,430 - INFO -   Fetching image for: https://www.meetup.com/mindfulnesspetaluma/events/314831011/
2026-05-26 02:42:59,211 - INFO -     -> https://secure.meetupstatic.com/photos/event/d/9/3/f/600_534235615.jpeg
2026-05-26 02:42:59,212 - INFO -   Fetching image for: https://www.meetup.com/mindfulnesspetaluma/events/314870247/
2026-05-26 02:43:00,635 - INFO -     -> https://secure.meetupstatic.com/photos/event/2/c/2/7/600_534191303.jpeg
2026-05-26 02:43:00,635 - INFO - meetup_mindful_petaluma.ics: added 10 image(s)
2026-05-26 02:43:00,636 - INFO - Processing meetup_rebel_craft.ics...
2026-05-26 02:43:00,636 - INFO -   Fetching image for: https://www.meetup.com/the-rebel-craft-collective/events/314772439/
2026-05-26 02:43:01,414 - INFO -     -> https://secure.meetupstatic.com/photos/event/a/2/b/3/600_527801651.jpeg
2026-05-26 02:43:01,414 - INFO -   Fetching image for: https://www.meetup.com/the-rebel-craft-collective/events/314772449/
2026-05-26 02:43:02,276 - INFO -     -> https://secure.meetupstatic.com/photos/event/a/2/b/3/600_527801651.jpeg
2026-05-26 02:43:02,276 - INFO -   Fetching image for: https://www.meetup.com/the-rebel-craft-collective/events/314772453/
2026-05-26 02:43:03,384 - INFO -     -> https://secure.meetupstatic.com/photos/event/a/2/b/3/600_527801651.jpeg
2026-05-26 02:43:03,384 - INFO -   Fetching image for: https://www.meetup.com/the-rebel-craft-collective/events/314772461/
2026-05-26 02:43:04,238 - INFO -     -> https://secure.meetupstatic.com/photos/event/a/2/b/3/600_527801651.jpeg
2026-05-26 02:43:04,238 - INFO -   Fetching image for: https://www.meetup.com/the-rebel-craft-collective/events/314772467/
2026-05-26 02:43:05,012 - INFO -     -> https://secure.meetupstatic.com/photos/event/a/2/b/3/600_527801651.jpeg
2026-05-26 02:43:05,012 - INFO -   Fetching image for: https://www.meetup.com/the-rebel-craft-collective/events/314772471/
2026-05-26 02:43:05,775 - INFO -     -> https://secure.meetupstatic.com/photos/event/a/2/b/3/600_527801651.jpeg
2026-05-26 02:43:05,775 - INFO -   Fetching image for: https://www.meetup.com/the-rebel-craft-collective/events/314772476/
2026-05-26 02:43:06,545 - INFO -     -> https://secure.meetupstatic.com/photos/event/a/2/b/3/600_527801651.jpeg
2026-05-26 02:43:06,545 - INFO - meetup_rebel_craft.ics: added 7 image(s)
2026-05-26 02:43:06,545 - INFO - Processing meetup_sonoma_outdoors.ics...
2026-05-26 02:43:06,546 - INFO -   Fetching image for: https://www.meetup.com/sonoma-county-outdoors/events/314669360/
2026-05-26 02:43:07,308 - INFO -     -> https://secure.meetupstatic.com/photos/event/5/8/9/0/600_533722672.jpeg
2026-05-26 02:43:07,309 - INFO -   Fetching image for: https://www.meetup.com/sonoma-county-outdoors/events/314685739/
2026-05-26 02:43:08,121 - INFO -     -> https://secure.meetupstatic.com/photos/event/c/9/3/600_534243219.jpeg
2026-05-26 02:43:08,121 - INFO -   Fetching image for: https://www.meetup.com/sonoma-county-outdoors/events/314778093/
2026-05-26 02:43:09,133 - INFO -     -> https://secure.meetupstatic.com/photos/event/5/8/9/0/600_533722672.jpeg
2026-05-26 02:43:09,134 - INFO -   Fetching image for: https://www.meetup.com/sonoma-county-outdoors/events/314565173/
2026-05-26 02:43:10,109 - INFO -     -> https://secure.meetupstatic.com/photos/event/4/2/9/2/600_526877042.jpeg
2026-05-26 02:43:10,110 - INFO -   Fetching image for: https://www.meetup.com/sonoma-county-outdoors/events/314565650/
2026-05-26 02:43:10,949 - INFO -     -> https://secure.meetupstatic.com/photos/event/4/2/9/2/600_526877042.jpeg
2026-05-26 02:43:10,949 - INFO -   Fetching image for: https://www.meetup.com/sonoma-county-outdoors/events/314885754/
2026-05-26 02:43:13,124 - INFO -     -> https://secure.meetupstatic.com/photos/event/5/8/9/0/600_533722672.jpeg
2026-05-26 02:43:13,124 - INFO -   Fetching image for: https://www.meetup.com/sonoma-county-outdoors/events/314902345/
2026-05-26 02:43:13,912 - INFO -     -> https://secure.meetupstatic.com/photos/event/d/7/9/a/600_526615194.jpeg
2026-05-26 02:43:13,912 - INFO -   Fetching image for: https://www.meetup.com/sonoma-county-outdoors/events/gzbbxtyjcjbvb/
2026-05-26 02:43:15,022 - INFO -     -> https://secure.meetupstatic.com/photos/event/5/8/9/0/600_533722672.jpeg
2026-05-26 02:43:15,022 - INFO -   Fetching image for: https://www.meetup.com/sonoma-county-outdoors/events/314813447/
2026-05-26 02:43:15,966 - INFO -     -> https://secure.meetupstatic.com/photos/event/1/f/8/a/600_534248074.jpeg
2026-05-26 02:43:15,966 - INFO -   Fetching image for: https://www.meetup.com/sonoma-county-outdoors/events/gzbbxtyjcjbfc/
2026-05-26 02:43:16,780 - INFO -     -> https://secure.meetupstatic.com/photos/event/5/8/9/0/600_533722672.jpeg
2026-05-26 02:43:16,780 - INFO - meetup_sonoma_outdoors.ics: added 10 image(s)
2026-05-26 02:43:16,780 - INFO - Done. Total images added: 52
2026-05-26 02:43:19,168 - INFO - Scraping Travel Portland
2026-05-26 02:43:20,688 - INFO - API returned 733 events
2026-05-26 02:43:20,750 - INFO - Filtered 6564 events beyond 2 months out
2026-05-26 02:43:20,750 - INFO - Found 13249 events
2026-05-26 02:43:23,806 - INFO - Written to cities/portland/travelportland.ics
Fetched 4 events from Legistar
Wrote cities/portland/legistar_oregon_metro.ics
2026-05-26 02:43:25,066 - INFO - Scraping Portland Community Events
2026-05-26 02:43:25,066 - INFO - Fetching page 0: https://www.portland.gov/events?page=0&f%5B0%5D=type%3A329
2026-05-26 02:43:28,392 - INFO -   Got 19 events (total: 19)
2026-05-26 02:43:28,393 - INFO - Fetching page 1: https://www.portland.gov/events?page=1&f%5B0%5D=type%3A329
2026-05-26 02:43:30,726 - INFO -   Got 20 events (total: 39)
2026-05-26 02:43:30,727 - INFO - Fetching page 2: https://www.portland.gov/events?page=2&f%5B0%5D=type%3A329
2026-05-26 02:43:33,541 - INFO -   Got 20 events (total: 59)
2026-05-26 02:43:33,541 - INFO - Fetching page 3: https://www.portland.gov/events?page=3&f%5B0%5D=type%3A329
2026-05-26 02:43:35,388 - INFO -   Got 13 events (total: 72)
2026-05-26 02:43:35,389 - INFO - Enriching up to 72 events with detail pages...
2026-05-26 02:45:07,897 - INFO - Filtered 26 events beyond 2 months out
2026-05-26 02:45:07,897 - INFO - Found 46 events
2026-05-26 02:45:07,905 - INFO - Written to cities/portland/pdxgov_community.ics
2026-05-26 02:45:08,141 - INFO - Scraping Portland Volunteer Events
2026-05-26 02:45:08,142 - INFO - Fetching page 0: https://www.portland.gov/events?page=0&f%5B0%5D=type%3A364
2026-05-26 02:45:10,702 - INFO -   Got 20 events (total: 20)
2026-05-26 02:45:10,702 - INFO - Fetching page 1: https://www.portland.gov/events?page=1&f%5B0%5D=type%3A364
2026-05-26 02:45:12,405 - INFO -   Got 20 events (total: 40)
2026-05-26 02:45:12,405 - INFO - Fetching page 2: https://www.portland.gov/events?page=2&f%5B0%5D=type%3A364
2026-05-26 02:45:15,104 - INFO -   Got 20 events (total: 60)
2026-05-26 02:45:15,104 - INFO - Fetching page 3: https://www.portland.gov/events?page=3&f%5B0%5D=type%3A364
2026-05-26 02:45:17,402 - INFO -   Got 20 events (total: 80)
2026-05-26 02:45:17,403 - INFO - Fetching page 4: https://www.portland.gov/events?page=4&f%5B0%5D=type%3A364
2026-05-26 02:45:19,332 - INFO -   Got 20 events (total: 100)
2026-05-26 02:45:19,333 - INFO - Fetching page 5: https://www.portland.gov/events?page=5&f%5B0%5D=type%3A364
2026-05-26 02:45:20,690 - INFO -   Got 6 events (total: 106)
2026-05-26 02:45:20,691 - INFO - Enriching up to 106 events with detail pages...
2026-05-26 02:47:30,906 - INFO - Filtered 42 events beyond 2 months out
2026-05-26 02:47:30,906 - INFO - Found 64 events
2026-05-26 02:47:30,917 - INFO - Written to cities/portland/pdxgov_volunteer.ics
2026-05-26 02:47:31,153 - INFO - Scraping Portland Classes & Activities
2026-05-26 02:47:31,153 - INFO - Fetching page 0: https://www.portland.gov/events?page=0&f%5B0%5D=type%3A583
2026-05-26 02:47:33,734 - INFO -   Got 19 events (total: 19)
2026-05-26 02:47:33,734 - INFO - Fetching page 1: https://www.portland.gov/events?page=1&f%5B0%5D=type%3A583
2026-05-26 02:47:35,636 - INFO -   Got 4 events (total: 23)
2026-05-26 02:47:35,636 - INFO - Enriching up to 23 events with detail pages...
2026-05-26 02:48:02,852 - INFO - Found 23 events
2026-05-26 02:48:02,856 - INFO - Written to cities/portland/pdxgov_classes.ics
2026-05-26 02:48:03,097 - INFO - Scraping Portland Public Meetings
2026-05-26 02:48:03,097 - INFO - Fetching page 0: https://www.portland.gov/events?page=0&f%5B0%5D=type%3A333
2026-05-26 02:48:04,739 - INFO -   Got 20 events (total: 20)
2026-05-26 02:48:04,740 - INFO - Fetching page 1: https://www.portland.gov/events?page=1&f%5B0%5D=type%3A333
2026-05-26 02:48:07,613 - INFO -   Got 20 events (total: 40)
2026-05-26 02:48:07,614 - INFO - Fetching page 2: https://www.portland.gov/events?page=2&f%5B0%5D=type%3A333
2026-05-26 02:48:09,923 - INFO -   Got 20 events (total: 60)
2026-05-26 02:48:09,923 - INFO - Fetching page 3: https://www.portland.gov/events?page=3&f%5B0%5D=type%3A333
2026-05-26 02:48:12,594 - INFO -   Got 20 events (total: 80)
2026-05-26 02:48:12,594 - INFO - Fetching page 4: https://www.portland.gov/events?page=4&f%5B0%5D=type%3A333
2026-05-26 02:48:14,435 - INFO -   Got 17 events (total: 97)
2026-05-26 02:48:14,435 - INFO - Enriching up to 97 events with detail pages...
2026-05-26 02:49:59,696 - INFO - Filtered 54 events beyond 2 months out
2026-05-26 02:49:59,696 - INFO - Found 43 events
2026-05-26 02:49:59,703 - INFO - Written to cities/portland/pdxgov_public_meetings.ics
2026-05-26 02:49:59,940 - INFO - Scraping Portland Council Meetings
2026-05-26 02:49:59,940 - INFO - Fetching page 0: https://www.portland.gov/events?page=0&f%5B0%5D=type%3A651
2026-05-26 02:50:01,854 - INFO -   Got 20 events (total: 20)
2026-05-26 02:50:01,854 - INFO - Fetching page 1: https://www.portland.gov/events?page=1&f%5B0%5D=type%3A651
2026-05-26 02:50:03,627 - INFO -   Got 20 events (total: 40)
2026-05-26 02:50:03,627 - INFO - Fetching page 2: https://www.portland.gov/events?page=2&f%5B0%5D=type%3A651
2026-05-26 02:50:05,699 - INFO -   Got 5 events (total: 45)
2026-05-26 02:50:05,700 - INFO - Enriching up to 45 events with detail pages...
2026-05-26 02:50:52,310 - INFO - Filtered 13 events beyond 2 months out
2026-05-26 02:50:52,310 - INFO - Found 32 events
2026-05-26 02:50:52,316 - INFO - Written to cities/portland/pdxgov_council.ics
2026-05-26 02:50:52,556 - INFO - Scraping Multnomah County Library
2026-05-26 02:50:52,556 - INFO - Fetching page 1/90...
2026-05-26 02:50:53,261 - INFO -   Got 20 events (total: 20)
2026-05-26 02:50:53,261 - INFO - Fetching page 2/90...
2026-05-26 02:50:53,912 - INFO -   Got 20 events (total: 40)
2026-05-26 02:50:53,912 - INFO - Fetching page 3/90...
2026-05-26 02:50:54,493 - INFO -   Got 20 events (total: 60)
2026-05-26 02:50:54,493 - INFO - Fetching page 4/90...
2026-05-26 02:50:55,133 - INFO -   Got 20 events (total: 80)
2026-05-26 02:50:55,133 - INFO - Fetching page 5/90...
2026-05-26 02:50:55,836 - INFO -   Got 20 events (total: 100)
2026-05-26 02:50:55,836 - INFO - Fetching page 6/90...
2026-05-26 02:50:56,545 - INFO -   Got 20 events (total: 120)
2026-05-26 02:50:56,545 - INFO - Fetching page 7/90...
2026-05-26 02:50:57,398 - INFO -   Got 20 events (total: 140)
2026-05-26 02:50:57,398 - INFO - Fetching page 8/90...
2026-05-26 02:50:58,219 - INFO -   Got 20 events (total: 160)
2026-05-26 02:50:58,219 - INFO - Fetching page 9/90...
2026-05-26 02:50:59,133 - INFO -   Got 20 events (total: 180)
2026-05-26 02:50:59,133 - INFO - Fetching page 10/90...
2026-05-26 02:50:59,875 - INFO -   Got 20 events (total: 200)
2026-05-26 02:50:59,875 - INFO - Fetching page 11/90...
2026-05-26 02:51:00,658 - INFO -   Got 20 events (total: 220)
2026-05-26 02:51:00,658 - INFO - Fetching page 12/90...
2026-05-26 02:51:01,293 - INFO -   Got 20 events (total: 240)
2026-05-26 02:51:01,293 - INFO - Fetching page 13/90...
2026-05-26 02:51:01,848 - INFO -   Got 20 events (total: 260)
2026-05-26 02:51:01,848 - INFO - Fetching page 14/90...
2026-05-26 02:51:02,621 - INFO -   Got 20 events (total: 280)
2026-05-26 02:51:02,621 - INFO - Fetching page 15/90...
2026-05-26 02:51:03,258 - INFO -   Got 20 events (total: 300)
2026-05-26 02:51:03,258 - INFO - Fetching page 16/90...
2026-05-26 02:51:04,055 - INFO -   Got 20 events (total: 320)
2026-05-26 02:51:04,055 - INFO - Fetching page 17/90...
2026-05-26 02:51:04,626 - INFO -   Got 20 events (total: 340)
2026-05-26 02:51:04,626 - INFO - Fetching page 18/90...
2026-05-26 02:51:05,376 - INFO -   Got 20 events (total: 360)
2026-05-26 02:51:05,376 - INFO - Fetching page 19/90...
2026-05-26 02:51:06,249 - INFO -   Got 20 events (total: 380)
2026-05-26 02:51:06,249 - INFO - Fetching page 20/90...
2026-05-26 02:51:06,805 - INFO -   Got 20 events (total: 400)
2026-05-26 02:51:06,805 - INFO - Fetching page 21/90...
2026-05-26 02:51:07,429 - INFO -   Got 20 events (total: 420)
2026-05-26 02:51:07,429 - INFO - Fetching page 22/90...
2026-05-26 02:51:07,981 - INFO -   Got 20 events (total: 440)
2026-05-26 02:51:07,981 - INFO - Fetching page 23/90...
2026-05-26 02:51:08,839 - INFO -   Got 20 events (total: 460)
2026-05-26 02:51:08,839 - INFO - Fetching page 24/90...
2026-05-26 02:51:09,622 - INFO -   Got 20 events (total: 480)
2026-05-26 02:51:09,622 - INFO - Fetching page 25/90...
2026-05-26 02:51:10,470 - INFO -   Got 20 events (total: 500)
2026-05-26 02:51:10,470 - INFO - Fetching page 26/90...
2026-05-26 02:51:11,305 - INFO -   Got 20 events (total: 520)
2026-05-26 02:51:11,305 - INFO - Fetching page 27/90...
2026-05-26 02:51:12,195 - INFO -   Got 20 events (total: 540)
2026-05-26 02:51:12,196 - INFO - Fetching page 28/90...
2026-05-26 02:51:12,991 - INFO -   Got 20 events (total: 560)
2026-05-26 02:51:12,991 - INFO - Fetching page 29/90...
2026-05-26 02:51:13,860 - INFO -   Got 20 events (total: 580)
2026-05-26 02:51:13,861 - INFO - Fetching page 30/90...
2026-05-26 02:51:14,767 - INFO -   Got 20 events (total: 600)
2026-05-26 02:51:14,768 - INFO - Fetching page 31/90...
2026-05-26 02:51:15,275 - INFO -   Got 20 events (total: 620)
2026-05-26 02:51:15,275 - INFO - Fetching page 32/90...
2026-05-26 02:51:16,119 - INFO -   Got 20 events (total: 640)
2026-05-26 02:51:16,119 - INFO - Fetching page 33/90...
2026-05-26 02:51:16,943 - INFO -   Got 20 events (total: 660)
2026-05-26 02:51:16,943 - INFO - Fetching page 34/90...
2026-05-26 02:51:17,775 - INFO -   Got 20 events (total: 680)
2026-05-26 02:51:17,776 - INFO - Fetching page 35/90...
2026-05-26 02:51:18,672 - INFO -   Got 20 events (total: 700)
2026-05-26 02:51:18,672 - INFO - Fetching page 36/90...
2026-05-26 02:51:19,648 - INFO -   Got 20 events (total: 720)
2026-05-26 02:51:19,648 - INFO - Fetching page 37/90...
2026-05-26 02:51:20,613 - INFO -   Got 20 events (total: 740)
2026-05-26 02:51:20,613 - INFO - Fetching page 38/90...
2026-05-26 02:51:21,226 - INFO -   Got 20 events (total: 760)
2026-05-26 02:51:21,226 - INFO - Fetching page 39/90...
2026-05-26 02:51:22,010 - INFO -   Got 20 events (total: 780)
2026-05-26 02:51:22,010 - INFO - Fetching page 40/90...
2026-05-26 02:51:22,906 - INFO -   Got 20 events (total: 800)
2026-05-26 02:51:22,906 - INFO - Fetching page 41/90...
2026-05-26 02:51:23,476 - INFO -   Got 20 events (total: 820)
2026-05-26 02:51:23,476 - INFO - Fetching page 42/90...
2026-05-26 02:51:24,371 - INFO -   Got 20 events (total: 840)
2026-05-26 02:51:24,371 - INFO - Fetching page 43/90...
2026-05-26 02:51:24,959 - INFO -   Got 20 events (total: 860)
2026-05-26 02:51:24,959 - INFO - Fetching page 44/90...
2026-05-26 02:51:25,797 - INFO -   Got 20 events (total: 880)
2026-05-26 02:51:25,797 - INFO - Fetching page 45/90...
2026-05-26 02:51:26,372 - INFO -   Got 20 events (total: 900)
2026-05-26 02:51:26,372 - INFO - Fetching page 46/90...
2026-05-26 02:51:27,263 - INFO -   Got 20 events (total: 920)
2026-05-26 02:51:27,264 - INFO - Fetching page 47/90...
2026-05-26 02:51:28,102 - INFO -   Got 20 events (total: 940)
2026-05-26 02:51:28,102 - INFO - Fetching page 48/90...
2026-05-26 02:51:28,910 - INFO -   Got 20 events (total: 960)
2026-05-26 02:51:28,910 - INFO - Fetching page 49/90...
2026-05-26 02:51:29,794 - INFO -   Got 20 events (total: 980)
2026-05-26 02:51:29,794 - INFO - Fetching page 50/90...
2026-05-26 02:51:30,818 - INFO -   Got 20 events (total: 1000)
2026-05-26 02:51:30,818 - INFO - Fetching page 51/90...
2026-05-26 02:51:31,730 - INFO -   Got 20 events (total: 1020)
2026-05-26 02:51:31,730 - INFO - Fetching page 52/90...
2026-05-26 02:51:32,737 - INFO -   Got 20 events (total: 1040)
2026-05-26 02:51:32,737 - INFO - Fetching page 53/90...
2026-05-26 02:51:33,767 - INFO -   Got 20 events (total: 1060)
2026-05-26 02:51:33,767 - INFO - Fetching page 54/90...
2026-05-26 02:51:34,765 - INFO -   Got 20 events (total: 1080)
2026-05-26 02:51:34,765 - INFO - Fetching page 55/90...
2026-05-26 02:51:35,372 - INFO -   Got 20 events (total: 1100)
2026-05-26 02:51:35,372 - INFO - Fetching page 56/90...
2026-05-26 02:51:35,983 - INFO -   Got 20 events (total: 1120)
2026-05-26 02:51:35,983 - INFO - Fetching page 57/90...
2026-05-26 02:51:36,926 - INFO -   Got 20 events (total: 1140)
2026-05-26 02:51:36,926 - INFO - Fetching page 58/90...
2026-05-26 02:51:37,881 - INFO -   Got 20 events (total: 1160)
2026-05-26 02:51:37,882 - INFO - Fetching page 59/90...
2026-05-26 02:51:38,727 - INFO -   Got 20 events (total: 1180)
2026-05-26 02:51:38,727 - INFO - Fetching page 60/90...
2026-05-26 02:51:40,084 - INFO -   Got 20 events (total: 1200)
2026-05-26 02:51:40,084 - INFO - Fetching page 61/90...
2026-05-26 02:51:40,951 - INFO -   Got 20 events (total: 1220)
2026-05-26 02:51:40,952 - INFO - Fetching page 62/90...
2026-05-26 02:51:41,871 - INFO -   Got 20 events (total: 1240)
2026-05-26 02:51:41,871 - INFO - Fetching page 63/90...
2026-05-26 02:51:42,810 - INFO -   Got 20 events (total: 1260)
2026-05-26 02:51:42,810 - INFO - Fetching page 64/90...
2026-05-26 02:51:43,742 - INFO -   Got 20 events (total: 1280)
2026-05-26 02:51:43,742 - INFO - Fetching page 65/90...
2026-05-26 02:51:44,782 - INFO -   Got 20 events (total: 1300)
2026-05-26 02:51:44,782 - INFO - Fetching page 66/90...
2026-05-26 02:51:45,712 - INFO -   Got 20 events (total: 1320)
2026-05-26 02:51:45,712 - INFO - Fetching page 67/90...
2026-05-26 02:51:46,656 - INFO -   Got 20 events (total: 1340)
2026-05-26 02:51:46,656 - INFO - Fetching page 68/90...
2026-05-26 02:51:47,511 - INFO -   Got 20 events (total: 1360)
2026-05-26 02:51:47,511 - INFO - Fetching page 69/90...
2026-05-26 02:51:48,367 - INFO -   Got 20 events (total: 1380)
2026-05-26 02:51:48,367 - INFO - Fetching page 70/90...
2026-05-26 02:51:49,237 - INFO -   Got 20 events (total: 1400)
2026-05-26 02:51:49,237 - INFO - Fetching page 71/90...
2026-05-26 02:51:50,096 - INFO -   Got 20 events (total: 1420)
2026-05-26 02:51:50,096 - INFO - Fetching page 72/90...
2026-05-26 02:51:50,971 - INFO -   Got 20 events (total: 1440)
2026-05-26 02:51:50,971 - INFO - Fetching page 73/90...
2026-05-26 02:51:51,838 - INFO -   Got 20 events (total: 1460)
2026-05-26 02:51:51,838 - INFO - Fetching page 74/90...
2026-05-26 02:51:52,741 - INFO -   Got 20 events (total: 1480)
2026-05-26 02:51:52,741 - INFO - Fetching page 75/90...
2026-05-26 02:51:53,187 - INFO -   Got 20 events (total: 1500)
2026-05-26 02:51:53,187 - INFO - Fetching page 76/90...
2026-05-26 02:51:54,029 - INFO -   Got 20 events (total: 1520)
2026-05-26 02:51:54,030 - INFO - Fetching page 77/90...
2026-05-26 02:51:54,528 - INFO -   Got 5 events (total: 1525)
2026-05-26 02:51:54,528 - INFO - Fetching page 78/90...
2026-05-26 02:51:54,983 - INFO - Fetching page 79/90...
2026-05-26 02:51:55,469 - INFO - Fetching page 80/90...
2026-05-26 02:51:55,885 - INFO - Got 3 consecutive empty pages, stopping.
2026-05-26 02:51:55,885 - INFO - Fetched 1525 events total from 80 pages
2026-05-26 02:51:55,887 - INFO - Found 1525 events
2026-05-26 02:51:56,184 - INFO - Written to cities/portland/multcolib.ics
2026-05-26 02:51:56,420 - INFO - Scraping Oregon Zoo
2026-05-26 02:51:56,421 - INFO - Fetching listing page 0: https://www.oregonzoo.org/events
2026-05-26 02:51:56,548 - INFO -   Got 5 events (total: 5)
2026-05-26 02:51:56,548 - INFO - Enriching 5 events from detail pages...
2026-05-26 02:51:57,919 - INFO - Found 5 events
2026-05-26 02:51:57,921 - INFO - Written to cities/portland/oregon_zoo.ics
2026-05-26 02:51:58,084 - INFO - Scraping Moda Center
2026-05-26 02:51:58,677 - INFO - Ticketmaster: 58 events across 1 pages
2026-05-26 02:51:58,680 - INFO - Parsed 58 events for Moda Center
2026-05-26 02:51:58,680 - INFO - Filtered 45 events beyond 2 months out
2026-05-26 02:51:58,680 - INFO - Found 13 events
2026-05-26 02:51:58,683 - INFO - Written to cities/portland/ticketmaster_moda_center.ics
2026-05-26 02:51:58,842 - INFO - Scraping Veterans Memorial Coliseum
2026-05-26 02:51:59,101 - INFO - Ticketmaster: 4 events across 1 pages
2026-05-26 02:51:59,103 - INFO - Parsed 4 events for Veterans Memorial Coliseum
2026-05-26 02:51:59,103 - INFO - Filtered 3 events beyond 2 months out
2026-05-26 02:51:59,103 - INFO - Found 1 events
2026-05-26 02:51:59,104 - INFO - Written to cities/portland/ticketmaster_veterans_coliseum.ics
2026-05-26 02:51:59,262 - INFO - Scraping Theater of the Clouds
2026-05-26 02:51:59,530 - INFO - Ticketmaster: 0 events across 0 pages
2026-05-26 02:51:59,530 - INFO - Parsed 0 events for Theater of the Clouds
2026-05-26 02:51:59,530 - INFO - Found 0 events
2026-05-26 02:51:59,531 - INFO - Written to cities/portland/ticketmaster_theater_clouds.ics
2026-05-26 02:51:59,690 - INFO - Scraping Steelport Knife Co.
2026-05-26 02:51:59,927 - INFO - Found 3 events
2026-05-26 02:51:59,928 - INFO - Written to cities/portland/steelport.ics
2026-05-26 02:52:00,086 - INFO - Scraping Hillsboro Markets
2026-05-26 02:52:00,086 - INFO - Fetching event list from https://hillsboromarkets.org/events
2026-05-26 02:52:00,221 - INFO - Found 91 event URLs
2026-05-26 02:52:00,221 - INFO - Fetching iCal: https://hillsboromarkets.org/events/cjhxxmdhvuea4ky3x1rjuqvqy0nslu?format=ical
2026-05-26 02:52:00,880 - INFO - Fetching iCal: https://hillsboromarkets.org/events/cjhxxmdhvuea4ky3x1rjuqvqy0nslu-2n6tc?format=ical
2026-05-26 02:52:01,554 - INFO - Fetching iCal: https://hillsboromarkets.org/events/cjhxxmdhvuea4ky3x1rjuqvqy0nslu-3lcek?format=ical
2026-05-26 02:52:02,215 - INFO - Fetching iCal: https://hillsboromarkets.org/events/cjhxxmdhvuea4ky3x1rjuqvqy0nslu-3lcek-94d6a?format=ical
2026-05-26 02:52:02,873 - INFO - Fetching iCal: https://hillsboromarkets.org/events/cjhxxmdhvuea4ky3x1rjuqvqy0nslu-3lcek-9d936?format=ical
2026-05-26 02:52:03,542 - INFO - Fetching iCal: https://hillsboromarkets.org/events/cjhxxmdhvuea4ky3x1rjuqvqy0nslu-3lcek-bcgka?format=ical
2026-05-26 02:52:04,203 - INFO - Fetching iCal: https://hillsboromarkets.org/events/cjhxxmdhvuea4ky3x1rjuqvqy0nslu-3lcek-bcgka-hn9ae?format=ical
2026-05-26 02:52:04,850 - INFO - Fetching iCal: https://hillsboromarkets.org/events/cjhxxmdhvuea4ky3x1rjuqvqy0nslu-3lcek-bcgka-hn9ae-c885m?format=ical
2026-05-26 02:52:05,497 - INFO - Fetching iCal: https://hillsboromarkets.org/events/cjhxxmdhvuea4ky3x1rjuqvqy0nslu-3lcek-bcgka-hn9ae-cc6hx?format=ical
2026-05-26 02:52:06,162 - INFO - Fetching iCal: https://hillsboromarkets.org/events/cjhxxmdhvuea4ky3x1rjuqvqy0nslu-3lcek-bcgka-hn9ae-cc6hx-ketn4?format=ical
2026-05-26 02:52:06,828 - INFO - Fetching iCal: https://hillsboromarkets.org/events/cjhxxmdhvuea4ky3x1rjuqvqy0nslu-3lcek-gycgs?format=ical
2026-05-26 02:52:07,494 - INFO - Fetching iCal: https://hillsboromarkets.org/events/cjhxxmdhvuea4ky3x1rjuqvqy0nslu-3lcek-mhfdl?format=ical
2026-05-26 02:52:08,148 - INFO - Fetching iCal: https://hillsboromarkets.org/events/cjhxxmdhvuea4ky3x1rjuqvqy0nslu-3lcek-segfe?format=ical
2026-05-26 02:52:08,808 - INFO - Fetching iCal: https://hillsboromarkets.org/events/cjhxxmdhvuea4ky3x1rjuqvqy0nslu-3lcek-treah?format=ical
2026-05-26 02:52:09,480 - INFO - Fetching iCal: https://hillsboromarkets.org/events/cjhxxmdhvuea4ky3x1rjuqvqy0nslu-4xsyf?format=ical
2026-05-26 02:52:10,168 - INFO - Fetching iCal: https://hillsboromarkets.org/events/cjhxxmdhvuea4ky3x1rjuqvqy0nslu-5eye3?format=ical
2026-05-26 02:52:10,817 - INFO - Fetching iCal: https://hillsboromarkets.org/events/cjhxxmdhvuea4ky3x1rjuqvqy0nslu-7sxz7?format=ical
2026-05-26 02:52:11,480 - INFO - Fetching iCal: https://hillsboromarkets.org/events/cjhxxmdhvuea4ky3x1rjuqvqy0nslu-88wxe?format=ical
2026-05-26 02:52:12,177 - INFO - Fetching iCal: https://hillsboromarkets.org/events/cjhxxmdhvuea4ky3x1rjuqvqy0nslu-9ypd2?format=ical
2026-05-26 02:52:12,817 - INFO - Fetching iCal: https://hillsboromarkets.org/events/cjhxxmdhvuea4ky3x1rjuqvqy0nslu-a8fbt?format=ical
2026-05-26 02:52:13,476 - INFO - Fetching iCal: https://hillsboromarkets.org/events/cjhxxmdhvuea4ky3x1rjuqvqy0nslu-ac7ha?format=ical
2026-05-26 02:52:14,133 - INFO - Fetching iCal: https://hillsboromarkets.org/events/cjhxxmdhvuea4ky3x1rjuqvqy0nslu-fr4cl?format=ical
2026-05-26 02:52:14,783 - INFO - Fetching iCal: https://hillsboromarkets.org/events/cjhxxmdhvuea4ky3x1rjuqvqy0nslu-gttap?format=ical
2026-05-26 02:52:15,432 - INFO - Fetching iCal: https://hillsboromarkets.org/events/cjhxxmdhvuea4ky3x1rjuqvqy0nslu-hj2p2?format=ical
2026-05-26 02:52:16,082 - INFO - Fetching iCal: https://hillsboromarkets.org/events/cjhxxmdhvuea4ky3x1rjuqvqy0nslu-l9kwj?format=ical
2026-05-26 02:52:16,727 - INFO - Fetching iCal: https://hillsboromarkets.org/events/cjhxxmdhvuea4ky3x1rjuqvqy0nslu-th4tk?format=ical
2026-05-26 02:52:17,376 - INFO - Fetching iCal: https://hillsboromarkets.org/events/cjhxxmdhvuea4ky3x1rjuqvqy0nslu-wmkhp?format=ical
2026-05-26 02:52:18,060 - INFO - Fetching iCal: https://hillsboromarkets.org/events/downtown-hillsboro-farmers-market-mmwl4-3cxjm-ylyjp-4pg55-pybx8-bt38n-6lfck-th65l-yacle-x2ef9-tc4cf-5tf3k-rekgj-6ngny-je9wx-y72ja-2e6ly-t5bf7-7wn7c-wbffh?format=ical
2026-05-26 02:52:18,706 - INFO - Fetching iCal: https://hillsboromarkets.org/events/downtown-hillsboro-farmers-market-mmwl4-3cxjm-ylyjp-4pg55-pybx8-bt38n-6lfck-th65l-yacle-x2ef9-tc4cf-5tf3k-rekgj-6ngny-je9wx-y72ja-2e6ly-t5bf7-7wn7c-wbffh-7wabb?format=ical
2026-05-26 02:52:19,363 - INFO - Fetching iCal: https://hillsboromarkets.org/events/downtown-hillsboro-farmers-market-mmwl4-3cxjm-ylyjp-4pg55-pybx8-bt38n-6lfck-th65l-yacle-x2ef9-tc4cf-5tf3k-rekgj-6ngny-je9wx-y72ja-2e6ly-t5bf7-7wn7c-wbffh-7wabb-hyp7p?format=ical
2026-05-26 02:52:20,008 - INFO - Fetching iCal: https://hillsboromarkets.org/events/downtown-hillsboro-farmers-market-mmwl4-3cxjm-ylyjp-4pg55-pybx8-bt38n-6lfck-th65l-yacle-x2ef9-tc4cf-5tf3k-rekgj-6ngny-je9wx-y72ja-2e6ly-t5bf7-7wn7c-wbffh-7wabb-hyp7p-gtr63?format=ical
2026-05-26 02:52:20,671 - INFO - Fetching iCal: https://hillsboromarkets.org/events/downtown-hillsboro-farmers-market-mmwl4-3cxjm-ylyjp-4pg55-pybx8-bt38n-6lfck-th65l-yacle-x2ef9-tc4cf-5tf3k-rekgj-6ngny-je9wx-y72ja-2e6ly-t5bf7-7wn7c-wbffh-7wabb-hyp7p-gtr63-8rgnl?format=ical
2026-05-26 02:52:21,322 - INFO - Fetching iCal: https://hillsboromarkets.org/events/downtown-hillsboro-farmers-market-mmwl4-3cxjm-ylyjp-4pg55-pybx8-bt38n-6lfck-th65l-yacle-x2ef9-tc4cf-5tf3k-rekgj-6ngny-je9wx-y72ja-2e6ly-t5bf7-7wn7c-wbffh-7wabb-hyp7p-gtr63-8rgnl-58h58?format=ical
2026-05-26 02:52:21,981 - INFO - Fetching iCal: https://hillsboromarkets.org/events/downtown-hillsboro-farmers-market-mmwl4-3cxjm-ylyjp-4pg55-pybx8-bt38n-6lfck-th65l-yacle-x2ef9-tc4cf-5tf3k-rekgj-6ngny-je9wx-y72ja-2e6ly-t5bf7-7wn7c-wbffh-7wabb-hyp7p-gtr63-8rgnl-58h58-g7en6?format=ical
2026-05-26 02:52:22,640 - INFO - Fetching iCal: https://hillsboromarkets.org/events/hillsboro-farmers-markets-orenco-gfa5g?format=ical
2026-05-26 02:52:23,319 - INFO - Fetching iCal: https://hillsboromarkets.org/events/hillsboro-winter-market?format=ical
2026-05-26 02:52:23,976 - INFO - Fetching iCal: https://hillsboromarkets.org/events/hillsboro-winter-market-wg6ek?format=ical
2026-05-26 02:52:24,629 - INFO - Fetching iCal: https://hillsboromarkets.org/events/hillsboro-winter-market-wg6ek-yxgap?format=ical
2026-05-26 02:52:25,286 - INFO - Fetching iCal: https://hillsboromarkets.org/events/hillsboro-winter-market-wg6ek-yxgap-nwnzs?format=ical
2026-05-26 02:52:25,941 - INFO - Fetching iCal: https://hillsboromarkets.org/events/hillsboro-winter-market-wg6ek-yxgap-nwnzs-ghhdn?format=ical
2026-05-26 02:52:26,587 - INFO - Fetching iCal: https://hillsboromarkets.org/events/hillsboro-winter-market-wg6ek-yxgap-nwnzs-ghhdn-65l97-fa9pr?format=ical
2026-05-26 02:52:27,251 - INFO - Fetching iCal: https://hillsboromarkets.org/events/memorial-day-hfm-office-closed?format=ical
2026-05-26 02:52:27,921 - INFO - Fetching iCal: https://hillsboromarkets.org/events/orenco-station?format=ical
2026-05-26 02:52:28,578 - INFO - Fetching iCal: https://hillsboromarkets.org/events/orenco-station-farmers-market-sgxwl-bx6j5-p2cc3-a9e4a-swer3-sscrm-6l92m-8yewp-837hd-m2ekx-k8fcc-3nlte-rjwnp-tmrr2-3h2nr-8hsm9-4webg-rdsw8-mt99w-hw8r8?format=ical
2026-05-26 02:52:29,231 - INFO - Fetching iCal: https://hillsboromarkets.org/events/orenco-station-farmers-market-sgxwl-bx6j5-p2cc3-a9e4a-swer3-sscrm-6l92m-8yewp-837hd-m2ekx-k8fcc-3nlte-rjwnp-tmrr2-3h2nr-8hsm9-4webg-rdsw8-mt99w-hw8r8-n6f8x?format=ical
2026-05-26 02:52:29,881 - INFO - Fetching iCal: https://hillsboromarkets.org/events/orenco-station-farmers-market-sgxwl-bx6j5-p2cc3-a9e4a-swer3-sscrm-6l92m-8yewp-837hd-m2ekx-k8fcc-3nlte-rjwnp-tmrr2-3h2nr-8hsm9-4webg-rdsw8-mt99w-hw8r8-n6f8x-37zwa?format=ical
2026-05-26 02:52:30,531 - INFO - Fetching iCal: https://hillsboromarkets.org/events/orenco-station-farmers-market-sgxwl-bx6j5-p2cc3-a9e4a-swer3-sscrm-6l92m-8yewp-837hd-m2ekx-k8fcc-3nlte-rjwnp-tmrr2-3h2nr-8hsm9-4webg-rdsw8-mt99w-hw8r8-n6f8x-37zwa-ezc82?format=ical
2026-05-26 02:52:31,198 - INFO - Fetching iCal: https://hillsboromarkets.org/events/orenco-station-farmers-market-sgxwl-bx6j5-p2cc3-a9e4a-swer3-sscrm-6l92m-8yewp-837hd-m2ekx-k8fcc-3nlte-rjwnp-tmrr2-3h2nr-8hsm9-4webg-rdsw8-mt99w-hw8r8-n6f8x-37zwa-ezc82-m6mbj?format=ical
2026-05-26 02:52:31,853 - INFO - Fetching iCal: https://hillsboromarkets.org/events/orenco-station-farmers-market-sgxwl-bx6j5-p2cc3-a9e4a-swer3-sscrm-6l92m-8yewp-837hd-m2ekx-k8fcc-3nlte-rjwnp-tmrr2-3h2nr-8hsm9-4webg-rdsw8-mt99w-hw8r8-n6f8x-37zwa-ezc82-m6mbj-x6t8x?format=ical
2026-05-26 02:52:32,498 - INFO - Fetching iCal: https://hillsboromarkets.org/events/orenco-station-farmers-market-sgxwl-bx6j5-p2cc3-a9e4a-swer3-sscrm-6l92m-8yewp-837hd-m2ekx-k8fcc-3nlte-rjwnp-tmrr2-3h2nr-8hsm9-4webg-rdsw8-mt99w-hw8r8-n6f8x-37zwa-ezc82-m6mbj-x6t8x-zamrg?format=ical
2026-05-26 02:52:33,152 - INFO - Fetching iCal: https://hillsboromarkets.org/events/orenco-station-sffap?format=ical
2026-05-26 02:52:33,803 - INFO - Fetching iCal: https://hillsboromarkets.org/events/orenco-station-sffap-3p8ad?format=ical
2026-05-26 02:52:34,453 - INFO - Fetching iCal: https://hillsboromarkets.org/events/orenco-station-sffap-3p8ad-2mjxj?format=ical
2026-05-26 02:52:35,106 - INFO - Fetching iCal: https://hillsboromarkets.org/events/orenco-station-sffap-3p8ad-2mjxj-g2tbm?format=ical
2026-05-26 02:52:35,760 - INFO - Fetching iCal: https://hillsboromarkets.org/events/orenco-station-sffap-3p8ad-2mjxj-g2tbm-wxjzy?format=ical
2026-05-26 02:52:36,413 - INFO - Fetching iCal: https://hillsboromarkets.org/events/orenco-station-sffap-3p8ad-2mjxj-g2tbm-wxjzy-mk9dx?format=ical
2026-05-26 02:52:37,061 - INFO - Fetching iCal: https://hillsboromarkets.org/events/orenco-station-sffap-3p8ad-2mjxj-g2tbm-wxjzy-mk9dx-3a62s?format=ical
2026-05-26 02:52:37,704 - INFO - Fetching iCal: https://hillsboromarkets.org/events/orenco-station-sffap-3p8ad-2mjxj-g2tbm-wxjzy-mk9dx-3a62s-5nhxa?format=ical
2026-05-26 02:52:38,366 - INFO - Fetching iCal: https://hillsboromarkets.org/events/orenco-station-sffap-3p8ad-2mjxj-g2tbm-wxjzy-mk9dx-3a62s-5nhxa-pzg45?format=ical
2026-05-26 02:52:39,018 - INFO - Fetching iCal: https://hillsboromarkets.org/events/orenco-station-sffap-3p8ad-2mjxj-g2tbm-wxjzy-mk9dx-3a62s-5nhxa-pzg45-shg7w?format=ical
2026-05-26 02:52:39,675 - INFO - Fetching iCal: https://hillsboromarkets.org/events/orenco-station-sffap-3p8ad-2mjxj-g2tbm-wxjzy-mk9dx-3a62s-5nhxa-pzg45-shg7w-s9eys?format=ical
2026-05-26 02:52:40,340 - INFO - Fetching iCal: https://hillsboromarkets.org/events/orenco-station-sffap-3p8ad-2mjxj-g2tbm-wxjzy-mk9dx-3a62s-5nhxa-pzg45-shg7w-s9eys-dpzs8?format=ical
2026-05-26 02:52:41,008 - INFO - Fetching iCal: https://hillsboromarkets.org/events/orenco-station-sffap-3p8ad-2mjxj-g2tbm-wxjzy-mk9dx-3a62s-5nhxa-pzg45-shg7w-s9eys-dpzs8-7b4gj?format=ical
2026-05-26 02:52:41,647 - INFO - Fetching iCal: https://hillsboromarkets.org/events/orenco-station-sffap-3p8ad-2mjxj-g2tbm-wxjzy-mk9dx-3a62s-5nhxa-pzg45-shg7w-s9eys-dpzs8-7b4gj-l8ym6?format=ical
2026-05-26 02:52:42,309 - INFO - Fetching iCal: https://hillsboromarkets.org/events/orenco-station-sffap-3p8ad-2mjxj-g2tbm-wxjzy-mk9dx-3a62s-5nhxa-pzg45-shg7w-s9eys-dpzs8-7b4gj-l8ym6-s7b68?format=ical
2026-05-26 02:52:42,970 - INFO - Fetching iCal: https://hillsboromarkets.org/events/orenco-station-sffap-3p8ad-2mjxj-g2tbm-wxjzy-mk9dx-3a62s-5nhxa-pzg45-shg7w-s9eys-dpzs8-7b4gj-l8ym6-s7b68-46sgp?format=ical
2026-05-26 02:52:43,621 - INFO - Fetching iCal: https://hillsboromarkets.org/events/orenco-station-sffap-3p8ad-2mjxj-g2tbm-wxjzy-mk9dx-3a62s-5nhxa-pzg45-shg7w-s9eys-dpzs8-7b4gj-l8ym6-s7b68-46sgp-nwssf?format=ical
2026-05-26 02:52:44,280 - INFO - Fetching iCal: https://hillsboromarkets.org/events/orenco-station-sffap-3p8ad-2mjxj-g2tbm-wxjzy-mk9dx-3a62s-5nhxa-pzg45-shg7w-s9eys-dpzs8-7b4gj-l8ym6-s7b68-46sgp-nwssf-phktc?format=ical
2026-05-26 02:52:44,923 - INFO - Fetching iCal: https://hillsboromarkets.org/events/orenco-station-sffap-3p8ad-2mjxj-g2tbm-wxjzy-mk9dx-3a62s-5nhxa-pzg45-shg7w-s9eys-dpzs8-7b4gj-l8ym6-s7b68-46sgp-nwssf-phktc-zhmy6?format=ical
2026-05-26 02:52:45,580 - INFO - Fetching iCal: https://hillsboromarkets.org/events/orenco-station-sffap-3p8ad-2mjxj-g2tbm-wxjzy-mk9dx-3a62s-5nhxa-pzg45-shg7w-s9eys-dpzs8-7b4gj-l8ym6-s7b68-46sgp-nwssf-phktc-zhmy6-2ywk7?format=ical
2026-05-26 02:52:46,235 - INFO - Fetching iCal: https://hillsboromarkets.org/events/orenco-station-sffap-3p8ad-2mjxj-g2tbm-wxjzy-mk9dx-3a62s-5nhxa-pzg45-shg7w-s9eys-dpzs8-7b4gj-l8ym6-s7b68-46sgp-nwssf-phktc-zhmy6-2ywk7-y722y?format=ical
2026-05-26 02:52:46,883 - INFO - Fetching iCal: https://hillsboromarkets.org/events/orenco-station-sffap-3p8ad-2mjxj-g2tbm-wxjzy-mk9dx-3a62s-5nhxa-pzg45-shg7w-s9eys-dpzs8-7b4gj-l8ym6-s7b68-46sgp-nwssf-phktc-zhmy6-2ywk7-y722y-54f7p?format=ical
2026-05-26 02:52:47,525 - INFO - Fetching iCal: https://hillsboromarkets.org/events/orenco-station-sffap-3p8ad-2mjxj-g2tbm-wxjzy-mk9dx-3a62s-5nhxa-pzg45-shg7w-s9eys-dpzs8-7b4gj-l8ym6-s7b68-46sgp-nwssf-phktc-zhmy6-2ywk7-y722y-54f7p-rc8t4?format=ical
2026-05-26 02:52:48,173 - INFO - Fetching iCal: https://hillsboromarkets.org/events/reeds-crossing-at-tamarack-park?format=ical
2026-05-26 02:52:48,818 - INFO - Fetching iCal: https://hillsboromarkets.org/events/reeds-crossing-at-tamarack-park-xxgfj?format=ical
2026-05-26 02:52:49,481 - INFO - Fetching iCal: https://hillsboromarkets.org/events/reeds-crossing-at-tamarack-park-xxgfj-rckl7?format=ical
2026-05-26 02:52:50,131 - INFO - Fetching iCal: https://hillsboromarkets.org/events/reeds-crossing-at-tamarack-park-xxgfj-rckl7-abxpj?format=ical
2026-05-26 02:52:50,781 - INFO - Fetching iCal: https://hillsboromarkets.org/events/reeds-crossing-at-tamarack-park-xxgfj-rckl7-abxpj-gx9k9?format=ical
2026-05-26 02:52:51,436 - INFO - Fetching iCal: https://hillsboromarkets.org/events/reeds-crossing-at-tamarack-park-xxgfj-rckl7-abxpj-gx9k9-94p97?format=ical
2026-05-26 02:52:52,087 - INFO - Fetching iCal: https://hillsboromarkets.org/events/south-hillsboro-farmers-market-at-reeds-crossing-4kfgn-4ngca-276c9-rzjpe-tz6fm?format=ical
2026-05-26 02:52:52,724 - INFO - Fetching iCal: https://hillsboromarkets.org/events/streets-at-tanasbourne-gdrn8?format=ical
2026-05-26 02:52:53,375 - INFO - Fetching iCal: https://hillsboromarkets.org/events/streets-at-tanasbourne-gdrn8-bzxpy?format=ical
2026-05-26 02:52:54,023 - INFO - Fetching iCal: https://hillsboromarkets.org/events/streets-at-tanasbourne-gdrn8-bzxpy-saenf?format=ical
2026-05-26 02:52:54,668 - INFO - Fetching iCal: https://hillsboromarkets.org/events/streets-at-tanasbourne-gdrn8-bzxpy-saenf-8jgp3?format=ical
2026-05-26 02:52:55,309 - INFO - Fetching iCal: https://hillsboromarkets.org/events/streets-at-tanasbourne-gdrn8-bzxpy-saenf-8jgp3-3wjxd?format=ical
2026-05-26 02:52:55,964 - INFO - Fetching iCal: https://hillsboromarkets.org/events/streets-at-tanasbourne-gdrn8-bzxpy-saenf-8jgp3-3wjxd-3rwlj?format=ical
2026-05-26 02:52:56,610 - INFO - Fetching iCal: https://hillsboromarkets.org/events/streets-at-tanasbourne-gdrn8-bzxpy-saenf-8jgp3-3wjxd-3rwlj-w4xyn?format=ical
2026-05-26 02:52:57,261 - INFO - Fetching iCal: https://hillsboromarkets.org/events/streets-at-tanasbourne-gdrn8-bzxpy-saenf-8jgp3-3wjxd-3rwlj-w4xyn-gl7cc?format=ical
2026-05-26 02:52:57,909 - INFO - Fetching iCal: https://hillsboromarkets.org/events/streets-at-tanasbourne-gdrn8-bzxpy-saenf-8jgp3-3wjxd-3rwlj-w4xyn-gl7cc-4yrmw?format=ical
2026-05-26 02:52:58,557 - INFO - Fetching iCal: https://hillsboromarkets.org/events/the-streets-at-tanasbourne?format=ical
2026-05-26 02:52:59,215 - INFO - Fetching iCal: https://hillsboromarkets.org/events/yk3rd2l6xwk8vvrbhbjorrdxpbhge0?format=ical
2026-05-26 02:52:59,860 - INFO - Filtered 35 events beyond 2 months out
2026-05-26 02:52:59,861 - INFO - Found 56 events
2026-05-26 02:52:59,869 - INFO - Written to cities/portland/hillsboro_markets.ics
2026-05-26 02:53:00,028 - INFO - Scraping Trailkeepers of Oregon
2026-05-26 02:53:02,908 - INFO - Discovered 12 event URLs from organizer page
2026-05-26 02:53:02,909 - INFO - Fetching 12 event pages (parallel)...
2026-05-26 02:53:04,858 - INFO - Got 12 future events
2026-05-26 02:53:04,858 - INFO - Found 12 events
2026-05-26 02:53:04,861 - INFO - Written to cities/portland/eventbrite_trailkeepers.ics
2026-05-26 02:53:05,021 - INFO - Scraping Northwest Trail Alliance
2026-05-26 02:53:06,075 - INFO - Discovered 12 event URLs from organizer page
2026-05-26 02:53:06,076 - INFO - Fetching 12 event pages (parallel)...
2026-05-26 02:53:06,512 - WARNING - No JSON-LD Event found at https://www.eventbrite.com/e/shift-st-helens-international-festival-of-trails-tickets-1984648466990
2026-05-26 02:53:07,166 - WARNING - No JSON-LD Event found at https://www.eventbrite.com/e/coldwater-lake-trail-work-party-optional-campout-tickets-1984649724752
2026-05-26 02:53:07,901 - INFO - Got 10 future events
2026-05-26 02:53:07,901 - INFO - Found 10 events
2026-05-26 02:53:07,904 - INFO - Written to cities/portland/eventbrite_nw_trail_alliance.ics
2026-05-26 02:53:08,063 - INFO - Scraping Portland Nursery
2026-05-26 02:53:08,827 - INFO - Discovered 0 event URLs from organizer page
2026-05-26 02:53:08,827 - INFO - Found 0 events
2026-05-26 02:53:08,827 - INFO - Written to cities/portland/eventbrite_portland_nursery.ics
2026-05-26 02:53:08,987 - INFO - Scraping Habitat for Humanity Portland
2026-05-26 02:53:09,583 - INFO - Discovered 2 event URLs from organizer page
2026-05-26 02:53:09,583 - INFO - Fetching 2 event pages (parallel)...
2026-05-26 02:53:10,155 - INFO - Got 2 future events
2026-05-26 02:53:10,155 - INFO - Found 2 events
2026-05-26 02:53:10,157 - INFO - Written to cities/portland/eventbrite_habitat_pdx.ics
2026-05-26 02:53:10,314 - INFO - Scraping Portland Saturday Market
2026-05-26 02:53:10,314 - INFO - Fetching event list from https://www.portlandsaturdaymarket.com/events
2026-05-26 02:53:10,514 - INFO - Found 36 event URLs
2026-05-26 02:53:10,514 - INFO - Fetching iCal: https://www.portlandsaturdaymarket.com/events/8sm0ir5jejsiy7dszmqzg490v21rsh?format=ical
2026-05-26 02:53:11,160 - INFO - Fetching iCal: https://www.portlandsaturdaymarket.com/events/8sm0ir5jejsiy7dszmqzg490v21rsh-x5dnp?format=ical
2026-05-26 02:53:11,810 - INFO - Fetching iCal: https://www.portlandsaturdaymarket.com/events/8sm0ir5jejsiy7dszmqzg490v21rsh-x5dnp-9jsdl?format=ical
2026-05-26 02:53:12,465 - INFO - Fetching iCal: https://www.portlandsaturdaymarket.com/events/april-crafternoon?format=ical
2026-05-26 02:53:13,128 - INFO - Fetching iCal: https://www.portlandsaturdaymarket.com/events/big-jalm-jamboree-crafternoon?format=ical
2026-05-26 02:53:13,778 - INFO - Fetching iCal: https://www.portlandsaturdaymarket.com/events/burnside-bridge-birthday-celebration?format=ical
2026-05-26 02:53:14,422 - INFO - Fetching iCal: https://www.portlandsaturdaymarket.com/events/coffee-and-color?format=ical
2026-05-26 02:53:15,066 - INFO - Fetching iCal: https://www.portlandsaturdaymarket.com/events/crafternoon?format=ical
2026-05-26 02:53:15,727 - INFO - Fetching iCal: https://www.portlandsaturdaymarket.com/events/crafternoon-paste-a-poem?format=ical
2026-05-26 02:53:16,388 - INFO - Fetching iCal: https://www.portlandsaturdaymarket.com/events/crafternoon-pottery-palooza?format=ical
2026-05-26 02:53:17,060 - INFO - Fetching iCal: https://www.portlandsaturdaymarket.com/events/free-livining-museum-tours?format=ical
2026-05-26 02:53:17,712 - INFO - Fetching iCal: https://www.portlandsaturdaymarket.com/events/halloween-eekstravaganza?format=ical
2026-05-26 02:53:18,349 - INFO - Fetching iCal: https://www.portlandsaturdaymarket.com/events/helium-comedy-club?format=ical
2026-05-26 02:53:19,008 - INFO - Fetching iCal: https://www.portlandsaturdaymarket.com/events/hey-thats-not-junk?format=ical
2026-05-26 02:53:19,656 - INFO - Fetching iCal: https://www.portlandsaturdaymarket.com/events/last-market-of-the-2025-season?format=ical
2026-05-26 02:53:20,310 - INFO - Fetching iCal: https://www.portlandsaturdaymarket.com/events/living-museum-tours?format=ical
2026-05-26 02:53:20,958 - INFO - Fetching iCal: https://www.portlandsaturdaymarket.com/events/mini-makers-market-vendor-application?format=ical
2026-05-26 02:53:21,613 - INFO - Fetching iCal: https://www.portlandsaturdaymarket.com/events/nomad-bikes-group-bike-ride?format=ical
2026-05-26 02:53:22,307 - INFO - Fetching iCal: https://www.portlandsaturdaymarket.com/events/nomad-bikes-group-bike-ride-lcax6?format=ical
2026-05-26 02:53:23,043 - INFO - Fetching iCal: https://www.portlandsaturdaymarket.com/events/nomad-bikes-group-bike-ride-lcax6-8twsx?format=ical
2026-05-26 02:53:23,698 - INFO - Fetching iCal: https://www.portlandsaturdaymarket.com/events/nqj3c3nqnum4hcvh9eh0ow3gqpngc9?format=ical
2026-05-26 02:53:24,342 - INFO - Fetching iCal: https://www.portlandsaturdaymarket.com/events/openind-day?format=ical
2026-05-26 02:53:25,015 - INFO - Fetching iCal: https://www.portlandsaturdaymarket.com/events/portland-saturday-market-50-years-of-craft-and-community?format=ical
2026-05-26 02:53:25,759 - INFO - Fetching iCal: https://www.portlandsaturdaymarket.com/events/portland-saturday-market-doc?format=ical
2026-05-26 02:53:26,443 - INFO - Fetching iCal: https://www.portlandsaturdaymarket.com/events/portland-saturday-market-mini-makers-market?format=ical
2026-05-26 02:53:27,092 - INFO - Fetching iCal: https://www.portlandsaturdaymarket.com/events/portland-saturday-markets-52nd-anniversary?format=ical
2026-05-26 02:53:27,746 - INFO - Fetching iCal: https://www.portlandsaturdaymarket.com/events/pugapalooza?format=ical
2026-05-26 02:53:28,402 - INFO - Fetching iCal: https://www.portlandsaturdaymarket.com/events/pugapalooza-1?format=ical
2026-05-26 02:53:29,057 - INFO - Fetching iCal: https://www.portlandsaturdaymarket.com/events/put-a-bird-on-it-psm-collage-workshop?format=ical
2026-05-26 02:53:29,706 - INFO - Fetching iCal: https://www.portlandsaturdaymarket.com/events/quillandchill?format=ical
2026-05-26 02:53:30,354 - INFO - Fetching iCal: https://www.portlandsaturdaymarket.com/events/richie-bean-dan-gareau-stanton-yard?format=ical
2026-05-26 02:53:31,004 - INFO - Fetching iCal: https://www.portlandsaturdaymarket.com/events/richie-bean-dan-gareau-stanton-yard-f5b8l?format=ical
2026-05-26 02:53:31,648 - INFO - Fetching iCal: https://www.portlandsaturdaymarket.com/events/richie-bean-dan-gareau-stanton-yard-f5b8l-m5p6c?format=ical
2026-05-26 02:53:32,303 - INFO - Fetching iCal: https://www.portlandsaturdaymarket.com/events/tie-dye-tastic-crafternoon?format=ical
2026-05-26 02:53:32,951 - INFO - Fetching iCal: https://www.portlandsaturdaymarket.com/events/wc6jb8e36pkfuoacijery41tr1giu4?format=ical
2026-05-26 02:53:33,605 - INFO - Fetching iCal: https://www.portlandsaturdaymarket.com/events/wc6jb8e36pkfuoacijery41tr1giu4-32jfy?format=ical
2026-05-26 02:53:34,264 - INFO - Filtered 1 events beyond 2 months out
2026-05-26 02:53:34,264 - INFO - Found 35 events
2026-05-26 02:53:34,270 - INFO - Written to cities/portland/saturday_market.ics
2026-05-26 02:53:34,426 - INFO - Scraping Portland Saturday Market Stage
2026-05-26 02:53:34,426 - INFO - Fetching event list from https://www.portlandsaturdaymarket.com/stage-performances
Traceback (most recent call last):
  File "/home/runner/work/community-calendar/community-calendar/scrapers/squarespace.py", line 129, in <module>
    main()
  File "/home/runner/work/community-calendar/community-calendar/scrapers/squarespace.py", line 125, in main
    scraper.run(args.output)
  File "/home/runner/work/community-calendar/community-calendar/scrapers/lib/base.py", line 145, in run
    events = self.fetch_events()
  File "/home/runner/work/community-calendar/community-calendar/scrapers/squarespace.py", line 50, in fetch_events
    event_urls = self._get_event_urls()
  File "/home/runner/work/community-calendar/community-calendar/scrapers/squarespace.py", line 69, in _get_event_urls
    response.raise_for_status()
  File "/opt/hostedtoolcache/Python/3.10.20/x64/lib/python3.10/site-packages/requests/models.py", line 960, in raise_for_status
    raise HTTPError(http_error_msg, response=self)
requests.exceptions.HTTPError: 404 Client Error: Not Found for url: https://www.portlandsaturdaymarket.com/stage-performances
2026-05-26 02:53:34,757 - INFO - Scraping Friends of Tryon Creek
2026-05-26 02:53:34,757 - INFO - Fetching event list from https://www.tryonfriends.org/calendar
2026-05-26 02:53:34,868 - INFO - Found 50 event URLs
2026-05-26 02:53:34,869 - INFO - Fetching iCal: https://www.tryonfriends.org/calendar/76tut44pdzyblatk49gk5h3ugcti4c?format=ical
2026-05-26 02:53:35,521 - INFO - Fetching iCal: https://www.tryonfriends.org/calendar/76tut44pdzyblatk49gk5h3ugcti4c-jazfr?format=ical
2026-05-26 02:53:36,163 - INFO - Fetching iCal: https://www.tryonfriends.org/calendar/7rbgfy51x5qu8nb7oc3tokpbqnhr5i?format=ical
2026-05-26 02:53:36,807 - INFO - Fetching iCal: https://www.tryonfriends.org/calendar/7rbgfy51x5qu8nb7oc3tokpbqnhr5i-rhzes-rnkmk?format=ical
2026-05-26 02:53:37,485 - INFO - Fetching iCal: https://www.tryonfriends.org/calendar/8yaqu1axmjy2i3h7rahio94dq0pipk?format=ical
2026-05-26 02:53:38,131 - INFO - Fetching iCal: https://www.tryonfriends.org/calendar/ash-oak-workshop-series-3th2c?format=ical
2026-05-26 02:53:38,777 - INFO - Fetching iCal: https://www.tryonfriends.org/calendar/bipochike-fj32n-lf255?format=ical
2026-05-26 02:53:39,423 - INFO - Fetching iCal: https://www.tryonfriends.org/calendar/culture-day-2025-natpd?format=ical
2026-05-26 02:53:40,076 - INFO - Fetching iCal: https://www.tryonfriends.org/calendar/full-moon-hike-2cxss-fcp79?format=ical
2026-05-26 02:53:40,713 - INFO - Fetching iCal: https://www.tryonfriends.org/calendar/full-moon-hike-2cxss-fcp79-argwd?format=ical
2026-05-26 02:53:41,358 - INFO - Fetching iCal: https://www.tryonfriends.org/calendar/guided-hike-woodpeckers?format=ical
2026-05-26 02:53:42,005 - INFO - Fetching iCal: https://www.tryonfriends.org/calendar/guided-hike-woodpeckers-bgd4c?format=ical
2026-05-26 02:53:42,586 - INFO - Fetching iCal: https://www.tryonfriends.org/calendar/guided-hike-woodpeckers-brj88?format=ical
2026-05-26 02:53:43,232 - INFO - Fetching iCal: https://www.tryonfriends.org/calendar/nature-journaling-owls-p38dl-4f2c4?format=ical
2026-05-26 02:53:43,873 - INFO - Fetching iCal: https://www.tryonfriends.org/calendar/nature-journaling-owls-p38dl-4f2c4-nh9pt?format=ical
2026-05-26 02:53:44,522 - INFO - Fetching iCal: https://www.tryonfriends.org/calendar/nature-walk-for-autism-community-dhtrb-lzrhl-kyyla-laz7t-necdj-n4zek-ht9g5-gk4hn-ykks5-gyzkr-6f6j3?format=ical
2026-05-26 02:53:45,183 - INFO - Fetching iCal: https://www.tryonfriends.org/calendar/nature-walk-for-autism-community-dhtrb-lzrhl-kyyla-laz7t-necdj-n4zek-ht9g5-gk4hn-ykks5-gyzkr-a6jfl?format=ical
2026-05-26 02:53:45,839 - INFO - Fetching iCal: https://www.tryonfriends.org/calendar/nature-walk-for-autism-community-dhtrb-lzrhl-kyyla-laz7t-necdj-n4zek-ht9g5-gk4hn-ykks5-gyzkr-wmsgr?format=ical
2026-05-26 02:53:46,503 - INFO - Fetching iCal: https://www.tryonfriends.org/calendar/open-garden-tour-myfng-epf5r-h2xfa?format=ical
2026-05-26 02:53:47,154 - INFO - Fetching iCal: https://www.tryonfriends.org/calendar/open-nature-classroom-j68ha-29w4b-f96kh-ngjds-d5y6b-6yhpp-5t595-zwyh4-y9be5?format=ical
2026-05-26 02:53:47,811 - INFO - Fetching iCal: https://www.tryonfriends.org/calendar/open-nature-classroom-j68ha-29w4b-f96kh-ngjds-d5y6b-6yhpp-5t595-zwyh4-z3bfz?format=ical
2026-05-26 02:53:48,449 - INFO - Fetching iCal: https://www.tryonfriends.org/calendar/phenology-friday-plant-walks?format=ical
2026-05-26 02:53:49,103 - INFO - Fetching iCal: https://www.tryonfriends.org/calendar/phenology-friday-plant-walks-wkyjr?format=ical
2026-05-26 02:53:49,744 - INFO - Fetching iCal: https://www.tryonfriends.org/calendar/phenology-friday-plant-walks-zya7p?format=ical
2026-05-26 02:53:50,388 - INFO - Fetching iCal: https://www.tryonfriends.org/calendar/ranger-bird-walk?format=ical
2026-05-26 02:53:51,060 - INFO - Fetching iCal: https://www.tryonfriends.org/calendar/ranger-bird-walk-aczc7?format=ical
2026-05-26 02:53:51,705 - INFO - Fetching iCal: https://www.tryonfriends.org/calendar/ranger-bird-walk-aczc7-n236h?format=ical
2026-05-26 02:53:52,367 - INFO - Fetching iCal: https://www.tryonfriends.org/calendar/ranger-bird-walk-d72tg?format=ical
2026-05-26 02:53:53,026 - INFO - Fetching iCal: https://www.tryonfriends.org/calendar/ranger-bird-walk-g2d3a?format=ical
2026-05-26 02:53:53,670 - INFO - Fetching iCal: https://www.tryonfriends.org/calendar/ranger-bird-walk-ywdnh?format=ical
2026-05-26 02:53:54,328 - INFO - Fetching iCal: https://www.tryonfriends.org/calendar/stewardship-day-boones-ferry-2cg3y-55h6s-c749n?format=ical
2026-05-26 02:53:54,897 - INFO - Fetching iCal: https://www.tryonfriends.org/calendar/stewardship-day-boones-ferry-2cg3y-55h6s-w86eh?format=ical
2026-05-26 02:53:55,546 - INFO - Fetching iCal: https://www.tryonfriends.org/calendar/stewardship-day-boones-ferry-2cg3y-55h6s-w86eh-7fkwg?format=ical
2026-05-26 02:53:56,202 - INFO - Fetching iCal: https://www.tryonfriends.org/calendar/stewardship-day-boones-ferry-2cg3y-55h6s-w86eh-a3a4w?format=ical
2026-05-26 02:53:56,855 - INFO - Fetching iCal: https://www.tryonfriends.org/calendar/stewardship-thursdays-xtwde-2jheh-e4eds-mx8h9-ggtex-5jhls-dtf47-t8h3l-j8zr2-5sawz-pdghw-63h3z-pecgs-bbjbx-4lzyr-texym-fl4b6-mjy33-9h7l4-29bwx-2556x-kgal6-rxh4t?format=ical
2026-05-26 02:53:57,505 - INFO - Fetching iCal: https://www.tryonfriends.org/calendar/stewardship-thursdays-xtwde-2jheh-e4eds-mx8h9-ggtex-5jhls-dtf47-t8h3l-j8zr2-5sawz-pdghw-63h3z-pecgs-bbjbx-4lzyr-texym-fl4b6-mjy33-9h7l4-29bwx-2556x-kgal6-rxh4t-8ncas?format=ical
2026-05-26 02:53:58,156 - INFO - Fetching iCal: https://www.tryonfriends.org/calendar/stewardship-thursdays-xtwde-2jheh-e4eds-mx8h9-ggtex-5jhls-dtf47-t8h3l-j8zr2-5sawz-pdghw-63h3z-pecgs-bbjbx-4lzyr-texym-fl4b6-mjy33-9h7l4-29bwx-2556x-kgal6-rxh4t-shj5e?format=ical
2026-05-26 02:53:58,811 - INFO - Fetching iCal: https://www.tryonfriends.org/calendar/stewardship-thursdays-xtwde-2jheh-e4eds-mx8h9-ggtex-5jhls-dtf47-t8h3l-j8zr2-5sawz-pdghw-63h3z-pecgs-bbjbx-4lzyr-texym-fl4b6-mjy33-9h7l4-29bwx-2556x-kgal6-rxh4t-shj5e-kzxhp?format=ical
2026-05-26 02:53:59,461 - INFO - Fetching iCal: https://www.tryonfriends.org/calendar/storytime-owls-g2at7-ggm4b?format=ical
2026-05-26 02:54:00,113 - INFO - Fetching iCal: https://www.tryonfriends.org/calendar/storytime-owls-ycpk2?format=ical
2026-05-26 02:54:00,766 - INFO - Fetching iCal: https://www.tryonfriends.org/calendar/storytime-owls-ycpk2-jhjla?format=ical
2026-05-26 02:54:01,425 - INFO - Fetching iCal: https://www.tryonfriends.org/calendar/storytime-owls-ycpk2-z6jtk?format=ical
2026-05-26 02:54:02,075 - INFO - Fetching iCal: https://www.tryonfriends.org/calendar/volunteer-seed-collecting-skz2k-cg6ty-dke7c-zbd6d-6xe42?format=ical
2026-05-26 02:54:02,726 - INFO - Fetching iCal: https://www.tryonfriends.org/calendar/volunteer-seed-collecting-skz2k-cg6ty-dke7c-zbd6d-6xe42-6rztc-5mjk5?format=ical
2026-05-26 02:54:03,379 - INFO - Fetching iCal: https://www.tryonfriends.org/calendar/volunteer-seed-collecting-skz2k-cg6ty-dke7c-zbd6d-6xe42-6rztc-f5lmz?format=ical
2026-05-26 02:54:08,359 - INFO - Fetching iCal: https://www.tryonfriends.org/calendar/volunteer-trail-crew-1-z5st9-mkxfk-jkzb3-k5d6z?format=ical
2026-05-26 02:54:09,029 - INFO - Fetching iCal: https://www.tryonfriends.org/calendar/volunteer-trail-crew-1-z5st9-mkxfk-jkzb3-k5d6z-ywy5j?format=ical
2026-05-26 02:54:09,689 - INFO - Fetching iCal: https://www.tryonfriends.org/calendar/volunteer-trail-crew-1-z5st9-mkxfk-jkzb3-k5d6z-ywy5j-pr2xh?format=ical
2026-05-26 02:54:10,342 - INFO - Fetching iCal: https://www.tryonfriends.org/calendar/volunteer-trail-crew-1-z5st9-mkxfk-jkzb3-k5d6z-ywy5j-pr2xh-3j2yg?format=ical
2026-05-26 02:54:11,001 - INFO - Fetching iCal: https://www.tryonfriends.org/calendar/volunteer-trail-crew-1-z5st9-mkxfk-jkzb3-k5d6z-ywy5j-pr2xh-3j2yg-5ddc2?format=ical
2026-05-26 02:54:11,662 - INFO - Found 50 events
2026-05-26 02:54:11,670 - INFO - Written to cities/portland/tryon_creek.ics
2026-05-26 02:54:11,826 - INFO - Scraping Crystal Springs Rhododendron Garden
2026-05-26 02:54:11,826 - INFO - Fetching event list from https://csrgpdx.org/event-calendar
2026-05-26 02:54:16,784 - INFO - Found 32 event URLs
2026-05-26 02:54:16,784 - INFO - Fetching iCal: https://csrgpdx.org/event-calendar/91lvmd8n86h9ut4b63xn6hrh7qwexb?format=ical
2026-05-26 02:54:17,453 - INFO - Fetching iCal: https://csrgpdx.org/event-calendar/annual-early-show?format=ical
2026-05-26 02:54:18,149 - INFO - Fetching iCal: https://csrgpdx.org/event-calendar/bird-walk-with-osu-naturalist-jasper-leiber?format=ical
2026-05-26 02:54:18,833 - INFO - Fetching iCal: https://csrgpdx.org/event-calendar/birding-for-all-neurodivergents-family-and-friends-with-rey-snyder-bird-alliance?format=ical
2026-05-26 02:54:19,485 - INFO - Fetching iCal: https://csrgpdx.org/event-calendar/birding-for-all-neurodivergents-family-and-friends-with-rey-snyder-bird-alliance-sbx87?format=ical
2026-05-26 02:54:20,165 - INFO - Fetching iCal: https://csrgpdx.org/event-calendar/botanical-drawing-workshop?format=ical
2026-05-26 02:54:20,806 - INFO - Fetching iCal: https://csrgpdx.org/event-calendar/fall-art-show-currently-accepting-submissions?format=ical
2026-05-26 02:54:21,463 - INFO - Fetching iCal: https://csrgpdx.org/event-calendar/fall-tree-walk?format=ical
2026-05-26 02:54:22,116 - INFO - Fetching iCal: https://csrgpdx.org/event-calendar/garden-closed?format=ical
2026-05-26 02:54:22,767 - INFO - Fetching iCal: https://csrgpdx.org/event-calendar/garden-closed-stlll?format=ical
2026-05-26 02:54:23,438 - INFO - Fetching iCal: https://csrgpdx.org/event-calendar/gardenerwalkaboutmar20?format=ical
2026-05-26 02:54:24,127 - INFO - Fetching iCal: https://csrgpdx.org/event-calendar/guided-forest-therapy-with-shawna-hartung?format=ical
2026-05-26 02:54:24,816 - INFO - Fetching iCal: https://csrgpdx.org/event-calendar/guided-forest-therapy-with-shawna-hartung-ltegg?format=ical
2026-05-26 02:54:25,472 - INFO - Fetching iCal: https://csrgpdx.org/event-calendar/guided-garden-walk?format=ical
2026-05-26 02:54:26,129 - INFO - Fetching iCal: https://csrgpdx.org/event-calendar/holiday-market?format=ical
2026-05-26 02:54:26,790 - INFO - Fetching iCal: https://csrgpdx.org/event-calendar/mar23?format=ical
2026-05-26 02:54:27,439 - INFO - Fetching iCal: https://csrgpdx.org/event-calendar/mar30?format=ical
2026-05-26 02:54:28,346 - INFO - Fetching iCal: https://csrgpdx.org/event-calendar/mothers-day-show-and-sale?format=ical
2026-05-26 02:54:29,032 - INFO - Fetching iCal: https://csrgpdx.org/event-calendar/nbx6prj5t98yw4x-ppz7l-l238m-dt5z4-3gdbs-3w6j8-9b42w-9psmh-5ygzx-a9xp9-f9t4j-4fle4-9hf6t?format=ical
2026-05-26 02:54:29,751 - INFO - Fetching iCal: https://csrgpdx.org/event-calendar/nbx6prj5t98yw4x-ppz7l-l238m-dt5z4-3gdbs-3w6j8-9b42w-9psmh-5ygzx-a9xp9-f9t4j-4fle4-9hf6t-39aew?format=ical
2026-05-26 02:54:30,406 - INFO - Fetching iCal: https://csrgpdx.org/event-calendar/slow-birding-with-the-bird-alliance?format=ical
2026-05-26 02:54:31,066 - INFO - Fetching iCal: https://csrgpdx.org/event-calendar/summer-solstice-celebration-call-to-vednors?format=ical
2026-05-26 02:54:31,711 - INFO - Fetching iCal: https://csrgpdx.org/event-calendar/the-great-backyard-bird-count?format=ical
2026-05-26 02:54:32,369 - INFO - Fetching iCal: https://csrgpdx.org/event-calendar/valentines-day-at-crystal-springs-rhododendron-garden?format=ical
2026-05-26 02:54:33,013 - INFO - Fetching iCal: https://csrgpdx.org/event-calendar/vibrational-sound-bathing-6-29-xtjgf-wca5y-fwmbd-3678g-yt226-der4h-wk4dg?format=ical
2026-05-26 02:54:33,702 - INFO - Fetching iCal: https://csrgpdx.org/event-calendar/wildlife-detectives-with-zoology-teacher-anthony-aceves?format=ical
2026-05-26 02:54:34,767 - INFO - Fetching iCal: https://csrgpdx.org/event-calendar/wildlife-walk-with-trudy-and-hilary5l9hl-eyx3k?format=ical
2026-05-26 02:54:35,425 - INFO - Fetching iCal: https://csrgpdx.org/event-calendar/wildlife-walk-with-trudy-and-hilary5l9hl-eyx3k-wzz28?format=ical
2026-05-26 02:54:36,087 - INFO - Fetching iCal: https://csrgpdx.org/event-calendar/wildlife-walk-with-trudy-and-ken?format=ical
2026-05-26 02:54:36,739 - INFO - Fetching iCal: https://csrgpdx.org/event-calendar/wildlife-walk-with-trudy-and-ken-5l9hl?format=ical
2026-05-26 02:54:37,397 - INFO - Fetching iCal: https://csrgpdx.org/event-calendar/wildlifewalk3-23?format=ical
2026-05-26 02:54:38,036 - INFO - Fetching iCal: https://csrgpdx.org/event-calendar/wildlifewalkmar27?format=ical
2026-05-26 02:54:38,715 - INFO - Found 32 events
2026-05-26 02:54:38,720 - INFO - Written to cities/portland/crystal_springs.ics
2026-05-26 02:54:38,878 - INFO - Scraping Hollywood Farmers Market Music
2026-05-26 02:54:38,879 - INFO - Fetching event list from https://www.hollywoodfarmersmarket.org/music-schedule
2026-05-26 02:54:39,077 - INFO - Found 49 event URLs
2026-05-26 02:54:39,077 - INFO - Fetching iCal: https://www.hollywoodfarmersmarket.org/music-schedule/aikacollins-katiewaterland-2026?format=ical
2026-05-26 02:54:39,729 - INFO - Fetching iCal: https://www.hollywoodfarmersmarket.org/music-schedule/angel-marie-2025?format=ical
2026-05-26 02:54:40,383 - INFO - Fetching iCal: https://www.hollywoodfarmersmarket.org/music-schedule/big-north-duo-2026?format=ical
2026-05-26 02:54:41,044 - INFO - Fetching iCal: https://www.hollywoodfarmersmarket.org/music-schedule/big-north-trio-2025?format=ical
2026-05-26 02:54:41,714 - INFO - Fetching iCal: https://www.hollywoodfarmersmarket.org/music-schedule/big-north-trio-2025-gpec7?format=ical
2026-05-26 02:54:42,368 - INFO - Fetching iCal: https://www.hollywoodfarmersmarket.org/music-schedule/big-plans-2026?format=ical
2026-05-26 02:54:43,017 - INFO - Fetching iCal: https://www.hollywoodfarmersmarket.org/music-schedule/bryan-rahiya-2025?format=ical
2026-05-26 02:54:43,664 - INFO - Fetching iCal: https://www.hollywoodfarmersmarket.org/music-schedule/crimson-clover-2024-x5lda?format=ical
2026-05-26 02:54:44,325 - INFO - Fetching iCal: https://www.hollywoodfarmersmarket.org/music-schedule/crimson-clover-2026?format=ical
2026-05-26 02:54:44,975 - INFO - Fetching iCal: https://www.hollywoodfarmersmarket.org/music-schedule/david-pollack-2025?format=ical
2026-05-26 02:54:45,616 - INFO - Fetching iCal: https://www.hollywoodfarmersmarket.org/music-schedule/dina-y-los-rumberos-2025?format=ical
2026-05-26 02:54:46,269 - INFO - Fetching iCal: https://www.hollywoodfarmersmarket.org/music-schedule/dina-y-los-rumberos-2026?format=ical
2026-05-26 02:54:46,918 - INFO - Fetching iCal: https://www.hollywoodfarmersmarket.org/music-schedule/dumpster-joe-2025?format=ical
2026-05-26 02:54:47,561 - INFO - Fetching iCal: https://www.hollywoodfarmersmarket.org/music-schedule/dumpster-joe-2026?format=ical
2026-05-26 02:54:48,205 - INFO - Fetching iCal: https://www.hollywoodfarmersmarket.org/music-schedule/dumpster-joe-2026-2?format=ical
2026-05-26 02:54:48,854 - INFO - Fetching iCal: https://www.hollywoodfarmersmarket.org/music-schedule/dumpster-joe-oct25?format=ical
2026-05-26 02:54:49,503 - INFO - Fetching iCal: https://www.hollywoodfarmersmarket.org/music-schedule/earl-reggae-allstars-2025?format=ical
2026-05-26 02:54:50,150 - INFO - Fetching iCal: https://www.hollywoodfarmersmarket.org/music-schedule/earl-reggae-allstars-2026?format=ical
2026-05-26 02:54:50,809 - INFO - Fetching iCal: https://www.hollywoodfarmersmarket.org/music-schedule/espacio-flamenco-2025?format=ical
2026-05-26 02:54:51,464 - INFO - Fetching iCal: https://www.hollywoodfarmersmarket.org/music-schedule/free-range-2024-jwa6k?format=ical
2026-05-26 02:54:52,100 - INFO - Fetching iCal: https://www.hollywoodfarmersmarket.org/music-schedule/free-range-2026?format=ical
2026-05-26 02:54:52,756 - INFO - Fetching iCal: https://www.hollywoodfarmersmarket.org/music-schedule/gaea-2025?format=ical
2026-05-26 02:54:53,392 - INFO - Fetching iCal: https://www.hollywoodfarmersmarket.org/music-schedule/hadley-parrish-cotton-2025?format=ical
2026-05-26 02:54:54,058 - INFO - Fetching iCal: https://www.hollywoodfarmersmarket.org/music-schedule/hadley-parrish-cotton-2026?format=ical
2026-05-26 02:54:54,709 - INFO - Fetching iCal: https://www.hollywoodfarmersmarket.org/music-schedule/haleakala-2026?format=ical
2026-05-26 02:54:55,361 - INFO - Fetching iCal: https://www.hollywoodfarmersmarket.org/music-schedule/how-long-jug-band-2026?format=ical
2026-05-26 02:54:56,013 - INFO - Fetching iCal: https://www.hollywoodfarmersmarket.org/music-schedule/ian-joe-bailey-2025?format=ical
2026-05-26 02:54:56,673 - INFO - Fetching iCal: https://www.hollywoodfarmersmarket.org/music-schedule/ian-joe-bailey-2026?format=ical
2026-05-26 02:54:57,351 - INFO - Fetching iCal: https://www.hollywoodfarmersmarket.org/music-schedule/james-clem-2025?format=ical
2026-05-26 02:54:58,028 - INFO - Fetching iCal: https://www.hollywoodfarmersmarket.org/music-schedule/james-rossi-2026?format=ical
2026-05-26 02:54:58,604 - INFO - Fetching iCal: https://www.hollywoodfarmersmarket.org/music-schedule/jay-ringer-2024-jh5yr?format=ical
2026-05-26 02:54:59,256 - INFO - Fetching iCal: https://www.hollywoodfarmersmarket.org/music-schedule/jazz-rockets-2026?format=ical
2026-05-26 02:54:59,894 - INFO - Fetching iCal: https://www.hollywoodfarmersmarket.org/music-schedule/karyn-ann-2025?format=ical
2026-05-26 02:55:00,546 - INFO - Fetching iCal: https://www.hollywoodfarmersmarket.org/music-schedule/karyn-ann-2026?format=ical
2026-05-26 02:55:01,188 - INFO - Fetching iCal: https://www.hollywoodfarmersmarket.org/music-schedule/machado-mijiga-2024-6e7gm?format=ical
2026-05-26 02:55:01,913 - INFO - Fetching iCal: https://www.hollywoodfarmersmarket.org/music-schedule/machado-mijiga-2026?format=ical
2026-05-26 02:55:02,563 - INFO - Fetching iCal: https://www.hollywoodfarmersmarket.org/music-schedule/machado-mijiga-2026-2?format=ical
2026-05-26 02:55:03,205 - INFO - Fetching iCal: https://www.hollywoodfarmersmarket.org/music-schedule/megan-cronin-tucker-2025?format=ical
2026-05-26 02:55:03,849 - INFO - Fetching iCal: https://www.hollywoodfarmersmarket.org/music-schedule/ms-robi-2026?format=ical
2026-05-26 02:55:04,495 - INFO - Fetching iCal: https://www.hollywoodfarmersmarket.org/music-schedule/olivia-and-rene-2024-f26ea?format=ical
2026-05-26 02:55:05,140 - INFO - Fetching iCal: https://www.hollywoodfarmersmarket.org/music-schedule/olivia-and-rene-2026?format=ical
2026-05-26 02:55:05,788 - INFO - Fetching iCal: https://www.hollywoodfarmersmarket.org/music-schedule/overbridge-jazz-2025?format=ical
2026-05-26 02:55:06,365 - INFO - Fetching iCal: https://www.hollywoodfarmersmarket.org/music-schedule/pythias-braswell-2025?format=ical
2026-05-26 02:55:07,012 - INFO - Fetching iCal: https://www.hollywoodfarmersmarket.org/music-schedule/rose-city-banjoliers-2024-x5srd?format=ical
2026-05-26 02:55:07,660 - INFO - Fetching iCal: https://www.hollywoodfarmersmarket.org/music-schedule/rose-city-banjoliers-2026?format=ical
2026-05-26 02:55:08,306 - INFO - Fetching iCal: https://www.hollywoodfarmersmarket.org/music-schedule/tevis-hodgejr-2025?format=ical
2026-05-26 02:55:08,952 - INFO - Fetching iCal: https://www.hollywoodfarmersmarket.org/music-schedule/tevis-hodgejr-2026?format=ical
2026-05-26 02:55:09,600 - INFO - Fetching iCal: https://www.hollywoodfarmersmarket.org/music-schedule/tyler-waltner-quartet-2026?format=ical
2026-05-26 02:55:10,256 - INFO - Fetching iCal: https://www.hollywoodfarmersmarket.org/music-schedule/woodward-2025?format=ical
2026-05-26 02:55:10,904 - INFO - Filtered 12 events beyond 2 months out
2026-05-26 02:55:10,904 - INFO - Found 37 events
2026-05-26 02:55:10,910 - INFO - Written to cities/portland/hollywood_fm_music.ics
2026-05-26 02:55:11,069 - INFO - Scraping Hollywood Farmers Market Events
2026-05-26 02:55:11,069 - INFO - Fetching event list from https://www.hollywoodfarmersmarket.org/event-schedule
2026-05-26 02:55:11,170 - INFO - Found 20 event URLs
2026-05-26 02:55:11,170 - INFO - Fetching iCal: https://www.hollywoodfarmersmarket.org/event-schedule/event-four-fsslb?format=ical
2026-05-26 02:55:11,809 - INFO - Fetching iCal: https://www.hollywoodfarmersmarket.org/event-schedule/fundraiser-at-lucky-horseshoe-lounge?format=ical
2026-05-26 02:55:12,453 - INFO - Fetching iCal: https://www.hollywoodfarmersmarket.org/event-schedule/harvest-festival?format=ical
2026-05-26 02:55:13,095 - INFO - Fetching iCal: https://www.hollywoodfarmersmarket.org/event-schedule/hollyween?format=ical
2026-05-26 02:55:13,741 - INFO - Fetching iCal: https://www.hollywoodfarmersmarket.org/event-schedule/hollywood-fun-fest?format=ical
2026-05-26 02:55:14,377 - INFO - Fetching iCal: https://www.hollywoodfarmersmarket.org/event-schedule/hollywood-theatre-fundraiser?format=ical
2026-05-26 02:55:15,220 - INFO - Fetching iCal: https://www.hollywoodfarmersmarket.org/event-schedule/indigenous-marketplace-at-hfm-august?format=ical
2026-05-26 02:55:15,865 - INFO - Fetching iCal: https://www.hollywoodfarmersmarket.org/event-schedule/indigenous-marketplace-at-hfm-july?format=ical
2026-05-26 02:55:16,516 - INFO - Fetching iCal: https://www.hollywoodfarmersmarket.org/event-schedule/indigenous-marketplace-at-hfm-september?format=ical
2026-05-26 02:55:17,089 - INFO - Fetching iCal: https://www.hollywoodfarmersmarket.org/event-schedule/mothers-day-market?format=ical
2026-05-26 02:55:17,740 - INFO - Fetching iCal: https://www.hollywoodfarmersmarket.org/event-schedule/mural-repainting?format=ical
2026-05-26 02:55:18,378 - INFO - Fetching iCal: https://www.hollywoodfarmersmarket.org/event-schedule/pop-club?format=ical
2026-05-26 02:55:19,020 - INFO - Fetching iCal: https://www.hollywoodfarmersmarket.org/event-schedule/pumpkin-painting-2024?format=ical
2026-05-26 02:55:19,664 - INFO - Fetching iCal: https://www.hollywoodfarmersmarket.org/event-schedule/senior-day?format=ical
2026-05-26 02:55:20,309 - INFO - Fetching iCal: https://www.hollywoodfarmersmarket.org/event-schedule/senior-day-2024?format=ical
2026-05-26 02:55:20,963 - INFO - Fetching iCal: https://www.hollywoodfarmersmarket.org/event-schedule/senior-day-2025?format=ical
2026-05-26 02:55:21,607 - INFO - Fetching iCal: https://www.hollywoodfarmersmarket.org/event-schedule/strawberry-day?format=ical
2026-05-26 02:55:22,253 - INFO - Fetching iCal: https://www.hollywoodfarmersmarket.org/event-schedule/strawberry-day-2024?format=ical
2026-05-26 02:55:22,902 - INFO - Fetching iCal: https://www.hollywoodfarmersmarket.org/event-schedule/strawberry-day-2025?format=ical
2026-05-26 02:55:23,563 - INFO - Fetching iCal: https://www.hollywoodfarmersmarket.org/event-schedule/strawberry-day-2026?format=ical
2026-05-26 02:55:24,203 - INFO - Found 20 events
2026-05-26 02:55:24,207 - INFO - Written to cities/portland/hollywood_fm_events.ics
2026-05-26 02:55:24,363 - INFO - Scraping Hollywood Farmers Market
2026-05-26 02:55:24,363 - INFO - Fetching event list from https://www.hollywoodfarmersmarket.org/events
2026-05-26 02:55:24,466 - INFO - Found 0 event URLs
2026-05-26 02:55:24,466 - INFO - Found 0 events
2026-05-26 02:55:24,467 - INFO - Written to cities/portland/hollywood_fm.ics
2026-05-26 02:55:24,624 - INFO - Scraping PDX Jazz
2026-05-26 02:55:24,624 - INFO - Fetching event list from https://www.pdxjazz.org/events
2026-05-26 02:55:24,759 - INFO - Found 0 event URLs
2026-05-26 02:55:24,759 - INFO - Found 0 events
2026-05-26 02:55:24,760 - INFO - Written to cities/portland/pdx_jazz.ics
2026-05-26 02:55:24,916 - INFO - Scraping Portland Fruit Tree Project
2026-05-26 02:55:24,916 - INFO - Fetching event list from https://www.portlandfruit.org/event-calendar
Traceback (most recent call last):
  File "/home/runner/work/community-calendar/community-calendar/scrapers/squarespace.py", line 129, in <module>
    main()
  File "/home/runner/work/community-calendar/community-calendar/scrapers/squarespace.py", line 125, in main
    scraper.run(args.output)
  File "/home/runner/work/community-calendar/community-calendar/scrapers/lib/base.py", line 145, in run
    events = self.fetch_events()
  File "/home/runner/work/community-calendar/community-calendar/scrapers/squarespace.py", line 50, in fetch_events
    event_urls = self._get_event_urls()
  File "/home/runner/work/community-calendar/community-calendar/scrapers/squarespace.py", line 69, in _get_event_urls
    response.raise_for_status()
  File "/opt/hostedtoolcache/Python/3.10.20/x64/lib/python3.10/site-packages/requests/models.py", line 960, in raise_for_status
    raise HTTPError(http_error_msg, response=self)
requests.exceptions.HTTPError: 404 Client Error: Not Found for url: https://portlandfruit.org/event-calendar
2026-05-26 02:55:27,278 - WCCLSLibraryScraper - INFO - Scraping WCCLS Libraries
2026-05-26 02:55:54,796 - WCCLSLibraryScraper - INFO - Collected 2816 Bibliocommons events (wccls)
2026-05-26 02:55:54,800 - WCCLSLibraryScraper - INFO - Filtered 1292 events beyond 2 months out
2026-05-26 02:55:54,800 - WCCLSLibraryScraper - INFO - Found 1524 events
2026-05-26 02:55:55,086 - WCCLSLibraryScraper - INFO - Written to cities/portland/wccls_library.ics
2026-05-26 02:55:55,256 - INFO - Scraping Revolution Hall
2026-05-26 02:55:55,822 - INFO - Found 5 future events from Songkick
2026-05-26 02:55:55,823 - INFO - Found 5 events
2026-05-26 02:55:55,824 - INFO - Written to cities/portland/songkick_revolution_hall.ics
2026-05-26 02:55:55,982 - INFO - Scraping Mississippi Studios
2026-05-26 02:55:56,451 - INFO - Found 5 future events from Songkick
2026-05-26 02:55:56,451 - INFO - Found 5 events
2026-05-26 02:55:56,453 - INFO - Written to cities/portland/songkick_mississippi_studios.ics
2026-05-26 02:55:56,610 - INFO - Scraping Wonder Ballroom
2026-05-26 02:55:57,279 - INFO - Found 5 future events from Songkick
2026-05-26 02:55:57,279 - INFO - Found 5 events
2026-05-26 02:55:57,280 - INFO - Written to cities/portland/songkick_wonder_ballroom.ics
2026-05-26 02:55:57,438 - INFO - Scraping Aladdin Theater
2026-05-26 02:55:58,106 - INFO - Found 5 future events from Songkick
2026-05-26 02:55:58,106 - INFO - Found 5 events
2026-05-26 02:55:58,107 - INFO - Written to cities/portland/songkick_aladdin.ics
2026-05-26 02:55:58,264 - INFO - Scraping Hawthorne Theatre
2026-05-26 02:55:58,794 - INFO - Found 5 future events from Songkick
2026-05-26 02:55:58,794 - INFO - Found 5 events
2026-05-26 02:55:58,795 - INFO - Written to cities/portland/songkick_hawthorne.ics
2026-05-26 02:55:58,952 - INFO - Scraping Arlene Schnitzer Concert Hall
2026-05-26 02:55:59,481 - INFO - Found 5 future events from Songkick
2026-05-26 02:55:59,481 - INFO - Filtered 2 events beyond 2 months out
2026-05-26 02:55:59,481 - INFO - Found 3 events
2026-05-26 02:55:59,482 - INFO - Written to cities/portland/songkick_schnitzer.ics
2026-05-26 02:55:59,639 - INFO - Scraping Alberta Rose Theatre
2026-05-26 02:56:00,097 - INFO - Found 2 future events from Songkick
2026-05-26 02:56:00,097 - INFO - Filtered 2 events beyond 2 months out
2026-05-26 02:56:00,097 - INFO - Found 0 events
2026-05-26 02:56:00,098 - INFO - Written to cities/portland/songkick_alberta_rose.ics
2026-05-26 02:56:00,254 - INFO - Scraping Keller Auditorium
2026-05-26 02:56:00,689 - INFO - Found 1 future events from Songkick
2026-05-26 02:56:00,690 - INFO - Filtered 1 events beyond 2 months out
2026-05-26 02:56:00,690 - INFO - Found 0 events
2026-05-26 02:56:00,690 - INFO - Written to cities/portland/songkick_keller.ics
2026-05-26 02:57:06,816 - SEJCalendarScraper - INFO - Scraping Society of Environmental Journalists
2026-05-26 02:57:06,816 - SEJCalendarScraper - INFO - Fetching RSS feed: https://www.sej.org/rss_calendar
2026-05-26 02:57:06,992 - SEJCalendarScraper - INFO - Found 10 entries in RSS feed
2026-05-26 02:57:06,995 - SEJCalendarScraper - INFO - Found event: MDRnet Community Meeting Bay Area on 2026-05-26 00:00:00-04:00
2026-05-26 02:57:06,998 - SEJCalendarScraper - INFO - Found event: PRAx's Public Lands Collaborative Residency on 2026-06-01 00:00:00-04:00
2026-05-26 02:57:07,000 - SEJCalendarScraper - INFO - Found event: CCNow Social-First Climate Journalism Workshops on 2026-06-02 00:00:00-04:00
2026-05-26 02:57:07,002 - SEJCalendarScraper - INFO - Found event: Knight-Risser Prize for Western Environmental Journalism on 2026-06-02 00:00:00-04:00
2026-05-26 02:57:07,003 - SEJCalendarScraper - INFO - Found event: SIWI's Water in Communications 2026 Training Series on 2026-06-02 00:00:00-04:00
2026-05-26 02:57:07,004 - SEJCalendarScraper - INFO - Found event: CCNow Basics: Reporting Solutions on 2026-06-04 00:00:00-04:00
2026-05-26 02:57:07,006 - SEJCalendarScraper - INFO - Found event: Pints & Press: SPJ/LA 2026 Mega Mixer on 2026-06-07 00:00:00-04:00
2026-05-26 02:57:07,009 - SEJCalendarScraper - INFO - Found event: Planet Forward Correspondent Program on 2026-06-08 00:00:00-04:00
2026-05-26 02:57:07,010 - SEJCalendarScraper - INFO - Found event: Institute for Independent Journalists’ Business of Freelancing workshop on 2026-06-19 00:00:00-04:00
2026-05-26 02:57:07,012 - SEJCalendarScraper - INFO - Found event: The New York Times Local Investigations Fellowship on 2026-07-01 00:00:00-04:00
2026-05-26 02:57:07,012 - SEJCalendarScraper - INFO - Found 10 events
2026-05-26 02:57:07,015 - SEJCalendarScraper - INFO - Written to cities/publisher-resources/sej.ics
2026-05-26 02:57:07,250 - IREScheduleScraper - INFO - Scraping IRE 2026
2026-05-26 02:57:07,250 - IREScheduleScraper - INFO - Fetching schedule: https://ire-nicar-conference-schedules.s3.us-east-2.amazonaws.com/ire-2026/ire-2026-schedule.json
Traceback (most recent call last):
  File "/home/runner/work/community-calendar/community-calendar/scrapers/ire_schedule.py", line 165, in <module>
    IREScheduleScraper.main()
  File "/home/runner/work/community-calendar/community-calendar/scrapers/ire_schedule.py", line 161, in main
    scraper.run(args.output)
  File "/home/runner/work/community-calendar/community-calendar/scrapers/lib/base.py", line 145, in run
    events = self.fetch_events()
  File "/home/runner/work/community-calendar/community-calendar/scrapers/ire_schedule.py", line 39, in fetch_events
    resp.raise_for_status()
  File "/opt/hostedtoolcache/Python/3.10.20/x64/lib/python3.10/site-packages/requests/models.py", line 960, in raise_for_status
    raise HTTPError(http_error_msg, response=self)
requests.exceptions.HTTPError: 403 Client Error: Forbidden for url: https://ire-nicar-conference-schedules.s3.us-east-2.amazonaws.com/ire-2026/ire-2026-schedule.json
2026-05-26 02:57:07,669 - IREScheduleScraper - INFO - Scraping NICAR 2026
2026-05-26 02:57:07,669 - IREScheduleScraper - INFO - Fetching schedule: https://ire-nicar-conference-schedules.s3.us-east-2.amazonaws.com/nicar-2026/nicar-2026-schedule.json
2026-05-26 02:57:07,976 - IREScheduleScraper - INFO - Found 233 sessions
2026-05-26 02:57:08,007 - IREScheduleScraper - INFO - Found 232 events
2026-05-26 02:57:08,050 - IREScheduleScraper - INFO - Written to cities/publisher-resources/nicar_2026.ics
2026-05-26 02:57:08,278 - SJNEventsScraper - INFO - Scraping Solutions Journalism Network
2026-05-26 02:57:08,278 - SJNEventsScraper - INFO - Fetching events listing: https://www.solutionsjournalism.org/events
2026-05-26 02:57:18,820 - SJNEventsScraper - INFO - Found 23 events
2026-05-26 02:57:18,820 - SJNEventsScraper - INFO - Filtered 11 events beyond 2 months out
2026-05-26 02:57:18,820 - SJNEventsScraper - INFO - Found 12 events
2026-05-26 02:57:18,823 - SJNEventsScraper - INFO - Written to cities/publisher-resources/sjn.ics
2026-05-26 02:57:18,990 - PENAmericaScraper - INFO - Scraping PEN America
2026-05-26 02:57:19,058 - PENAmericaScraper - WARNING - Failed to load locations: 403 Client Error: Forbidden for url: https://pen.org/wp-json/wp/v2/event-location?per_page=100
2026-05-26 02:57:19,058 - PENAmericaScraper - INFO - Fetching events from https://pen.org/wp-json/wp/v2/event
Traceback (most recent call last):
  File "/home/runner/work/community-calendar/community-calendar/scrapers/pen_america.py", line 162, in <module>
    PENAmericaScraper.main()
  File "/home/runner/work/community-calendar/community-calendar/scrapers/lib/base.py", line 184, in main
    scraper.run(args.output)
  File "/home/runner/work/community-calendar/community-calendar/scrapers/lib/base.py", line 145, in run
    events = self.fetch_events()
  File "/home/runner/work/community-calendar/community-calendar/scrapers/pen_america.py", line 61, in fetch_events
    resp.raise_for_status()
  File "/opt/hostedtoolcache/Python/3.10.20/x64/lib/python3.10/site-packages/requests/models.py", line 960, in raise_for_status
    raise HTTPError(http_error_msg, response=self)
requests.exceptions.HTTPError: 403 Client Error: Forbidden for url: https://pen.org/wp-json/wp/v2/event?per_page=100&page=1&orderby=date&order=desc
2026-05-26 02:57:19,264 - INFO - Scraping PEN America
2026-05-26 02:57:20,303 - INFO - Discovered 0 event URLs from organizer page
2026-05-26 02:57:20,303 - INFO - Found 0 events
2026-05-26 02:57:20,304 - INFO - Written to cities/publisher-resources/pen_america_eventbrite.ics
2026-05-26 02:57:20,457 - NABJEventsScraper - INFO - Scraping NABJ
2026-05-26 02:57:20,458 - NABJEventsScraper - INFO - Fetching RSS feed: https://www.nabj.org/resource/rss/events.rss
2026-05-26 02:57:20,941 - NABJEventsScraper - INFO - Found 0 entries in RSS feed
2026-05-26 02:57:20,941 - NABJEventsScraper - INFO - Found 0 events
2026-05-26 02:57:20,942 - NABJEventsScraper - INFO - Written to cities/publisher-resources/nabj.ics
2026-05-26 02:57:21,101 - INFO - Scraping American Press Institute
2026-05-26 02:57:21,749 - INFO - Discovered 1 event URLs from organizer page
2026-05-26 02:57:21,749 - INFO - Fetching 1 event pages (parallel)...
2026-05-26 02:57:21,862 - INFO - Got 1 future events
2026-05-26 02:57:21,862 - INFO - Found 1 events
2026-05-26 02:57:21,863 - INFO - Written to cities/publisher-resources/api_eventbrite.ics
2026-05-26 02:57:22,022 - INFO - Scraping Center for Cooperative Media
2026-05-26 02:57:23,010 - INFO - Discovered 3 event URLs from organizer page
2026-05-26 02:57:23,010 - INFO - Fetching 3 event pages (parallel)...
2026-05-26 02:57:23,538 - INFO - Got 3 future events
2026-05-26 02:57:23,538 - INFO - Found 3 events
2026-05-26 02:57:23,540 - INFO - Written to cities/publisher-resources/cooperative_media_eventbrite.ics
2026-05-26 02:57:23,764 - LIONPublishersScraper - INFO - Scraping LION Publishers
2026-05-26 02:57:25,252 - LIONPublishersScraper - INFO - Found: 2026 Independent News Sustainability Summit on 2026-09-09
2026-05-26 02:57:25,253 - LIONPublishersScraper - INFO - Filtered 1 events beyond 2 months out
2026-05-26 02:57:25,253 - LIONPublishersScraper - INFO - Found 0 events
2026-05-26 02:57:25,253 - LIONPublishersScraper - INFO - Written to cities/publisher-resources/lion_publishers.ics
2026-05-26 02:57:25,480 - EditorPublisherScraper - INFO - Scraping Editor & Publisher
2026-05-26 02:57:26,883 - EditorPublisherScraper - INFO - Found: WEBINAR: AI-Driven CRM strategies for publishers on 2026-05-28
2026-05-26 02:57:26,883 - EditorPublisherScraper - INFO - Found: Senior Leadership Conference, Family Owners Conference, Washington Fly-In on 2026-09-27
2026-05-26 02:57:26,886 - EditorPublisherScraper - INFO - Found: 2026 Illinois Press Annual Convention on 2026-06-04
2026-05-26 02:57:26,886 - EditorPublisherScraper - INFO - Found: Audience Development Media Alliance Summit on 2026-06-10
2026-05-26 02:57:26,887 - EditorPublisherScraper - INFO - Found: Texas Press Association Convention & Trade Show on 2026-06-18
2026-05-26 02:57:26,887 - EditorPublisherScraper - INFO - Found: Alabama Press Association Summer Convention & Awards Banquet on 2026-06-25
2026-05-26 02:57:26,887 - EditorPublisherScraper - INFO - Found: Arkansas Press Association Convention on 2026-06-25
2026-05-26 02:57:26,887 - EditorPublisherScraper - INFO - Found: 2026 Mississippi Press 160th Annual Meeting on 2026-06-26
2026-05-26 02:57:26,887 - EditorPublisherScraper - INFO - Filtered 1 events beyond 2 months out
2026-05-26 02:57:26,887 - EditorPublisherScraper - INFO - Found 7 events
2026-05-26 02:57:26,889 - EditorPublisherScraper - INFO - Written to cities/publisher-resources/editor_publisher.ics
2026-05-26 02:57:27,051 - INFO - Scraping Center for Cooperative Media
2026-05-26 02:57:27,170 - INFO - Discovered 3 event URLs from organizer page
2026-05-26 02:57:27,170 - INFO - Fetching 3 event pages (parallel)...
2026-05-26 02:57:27,391 - INFO - Got 3 future events
2026-05-26 02:57:27,392 - INFO - Found 3 events
2026-05-26 02:57:27,393 - INFO - Written to cities/publisher-resources/eventbrite_coop_media.ics
2026-05-26 02:57:27,551 - INFO - Scraping Associated Press
2026-05-26 02:57:28,426 - INFO - Discovered 1 event URLs from organizer page
2026-05-26 02:57:28,426 - INFO - Fetching 1 event pages (parallel)...
2026-05-26 02:57:29,031 - INFO - Got 0 future events
2026-05-26 02:57:29,031 - INFO - Found 0 events
2026-05-26 02:57:29,032 - INFO - Written to cities/publisher-resources/eventbrite_ap.ics
2026-05-26 02:57:29,204 - INFO - Scraping SciLine
2026-05-26 02:57:29,785 - INFO - Discovered 0 event URLs from organizer page
2026-05-26 02:57:29,785 - INFO - Found 0 events
2026-05-26 02:57:29,785 - INFO - Written to cities/publisher-resources/eventbrite_sciline.ics
2026-05-26 02:57:29,944 - INFO - Scraping News Product Alliance
2026-05-26 02:57:30,548 - INFO - Discovered 1 event URLs from organizer page
2026-05-26 02:57:30,549 - INFO - Fetching 1 event pages (parallel)...
2026-05-26 02:57:31,116 - INFO - Got 0 future events
2026-05-26 02:57:31,116 - INFO - Found 0 events
2026-05-26 02:57:31,117 - INFO - Written to cities/publisher-resources/eventbrite_npa.ics
2026-05-26 02:57:31,340 - ONAEventsScraper - INFO - Scraping Online News Association
2026-05-26 02:57:31,853 - ONAEventsScraper - INFO - Found: Housing Journalism for Everyone on 2026-06-04
2026-05-26 02:57:31,854 - ONAEventsScraper - INFO - Found: AI Innovator Collaborative —June 2026: Let's talk AI-powered conversion ... on 2026-06-09
2026-05-26 02:57:31,854 - ONAEventsScraper - INFO - Found: AI Innovator Collaborative —July 2026: Chatbots and their informational ... on 2026-07-14
2026-05-26 02:57:31,854 - ONAEventsScraper - INFO - Found: AI Innovator Collaborative - August 2026: AI Policy in the Newsroom on 2026-08-11
2026-05-26 02:57:31,855 - ONAEventsScraper - INFO - Found: AI Innovator Collaborative - September 2026 on 2026-09-08
2026-05-26 02:57:31,855 - ONAEventsScraper - INFO - Found: AI Innovator Collaborative - October 2026 on 2026-10-13
2026-05-26 02:57:31,855 - ONAEventsScraper - INFO - Found: AI Innovator Collaborative - November 2026 on 2026-11-10
2026-05-26 02:57:31,855 - ONAEventsScraper - INFO - Found: AI Innovator Collaborative - December 2026 on 2026-12-08
2026-05-26 02:57:31,856 - ONAEventsScraper - INFO - Filtered 5 events beyond 2 months out
2026-05-26 02:57:31,856 - ONAEventsScraper - INFO - Found 3 events
2026-05-26 02:57:31,857 - ONAEventsScraper - INFO - Written to cities/publisher-resources/ona_events.ics
2026-05-26 02:57:32,087 - KnightCenterScraper - INFO - Scraping Knight Center for Journalism
2026-05-26 02:57:32,238 - KnightCenterScraper - INFO - Found: Climate journalism: Investigative reporting for every beat on 2026-06-01
2026-05-26 02:57:32,239 - KnightCenterScraper - INFO - Found: Substack for Journalists: Growing Your Audience and Impact on 2026-05-20
2026-05-26 02:57:32,239 - KnightCenterScraper - INFO - Found: Climate journalism: Investigative reporting for every beat on 2026-06-01
2026-05-26 02:57:32,240 - KnightCenterScraper - INFO - Found: Substack for Journalists: Growing Your Audience and Impact on 2026-05-20
2026-05-26 02:57:32,240 - KnightCenterScraper - INFO - Found: Advanced Prompt Engineering for Journalists on 2026-04-13
2026-05-26 02:57:32,241 - KnightCenterScraper - INFO - Found: Data Mindset for Editors on 2026-02-09
2026-05-26 02:57:32,241 - KnightCenterScraper - INFO - Found: Desde la Redacción: Cómo usar datos para cubrir el cambio climático on 2026-05-28
2026-05-26 02:57:32,242 - KnightCenterScraper - INFO - Found: Substack for Journalists: Growing Your Audience and Impact on 2026-05-20
2026-05-26 02:57:32,242 - KnightCenterScraper - INFO - Found: New and updated digital investigative tools on 2025-12-10
2026-05-26 02:57:32,366 - KnightCenterScraper - INFO - Found: Climate journalism: Investigative reporting for every beat on 2026-06-01
2026-05-26 02:57:32,367 - KnightCenterScraper - INFO - Found: Substack for Journalists: Growing Your Audience and Impact on 2026-05-20
2026-05-26 02:57:32,367 - KnightCenterScraper - INFO - Found: Climate journalism: Investigative reporting for every beat on 2026-06-01
2026-05-26 02:57:32,368 - KnightCenterScraper - INFO - Found: Substack for Journalists: Growing Your Audience and Impact on 2026-05-20
2026-05-26 02:57:32,368 - KnightCenterScraper - INFO - Found: Advanced Prompt Engineering for Journalists on 2026-04-13
2026-05-26 02:57:32,369 - KnightCenterScraper - INFO - Found: Data Mindset for Editors on 2026-02-09
2026-05-26 02:57:32,369 - KnightCenterScraper - INFO - Found: Periodismo climático: cobertura de investigación para todas las especialidades on 2026-06-01
2026-05-26 02:57:32,370 - KnightCenterScraper - INFO - Found: Climate journalism: Investigative reporting for every beat on 2026-06-01
2026-05-26 02:57:32,370 - KnightCenterScraper - INFO - Found: Advanced Prompt Engineering for Journalists on 2026-04-13
2026-05-26 02:57:32,371 - KnightCenterScraper - INFO - Found: Data Mindset for Editors on 2026-02-09
2026-05-26 02:57:32,772 - KnightCenterScraper - INFO - Found 7 events
2026-05-26 02:57:32,774 - KnightCenterScraper - INFO - Written to cities/publisher-resources/knight_center.ics
2026-05-26 02:57:33,016 - SunlightResearchScraper - INFO - Scraping Sunlight Research
2026-05-26 02:57:33,294 - SunlightResearchScraper - INFO - Found: Unlocking DocumentCloud Smarter Search, Seamless Collaboration on 2026-06-18
2026-05-26 02:57:33,295 - SunlightResearchScraper - INFO - Found: FOIA and Elections on 2026-06-26
2026-05-26 02:57:33,295 - SunlightResearchScraper - INFO - Found: Tools and Techniques for Better Election Reporting on 2026-07-01
2026-05-26 02:57:33,295 - SunlightResearchScraper - INFO - Found: Checking in on federal environmental data What's the same, what's changed and what's at risk on 2026-07-24
2026-05-26 02:57:33,295 - SunlightResearchScraper - INFO - Found: FOIA, Environmental Disasters and the Human Impact Behind the Records on 2026-08-28
2026-05-26 02:57:33,295 - SunlightResearchScraper - INFO - Filtered 1 events beyond 2 months out
2026-05-26 02:57:33,296 - SunlightResearchScraper - INFO - Found 4 events
2026-05-26 02:57:33,298 - SunlightResearchScraper - INFO - Written to cities/publisher-resources/sunlight_research.ics
2026-05-26 02:57:33,527 - PoynterShopScraper - INFO - Scraping Poynter Institute Training
2026-05-26 02:57:34,013 - PoynterShopScraper - INFO - Found: Reporting on Brain Health & Research: A Poynter Fellowship (2026-2027) on 2026-12-01
2026-05-26 02:57:34,014 - PoynterShopScraper - INFO - Found: Lead with Influence (August 2026) on 2026-08-20
2026-05-26 02:57:34,014 - PoynterShopScraper - INFO - Found: The Business of Journalism: Skills for Smarter Decision-Making on 2026-07-14
2026-05-26 02:57:34,016 - PoynterShopScraper - INFO - Found: The Business of Journalism: Skills for Smarter Decision-Making on 2026-07-14
2026-05-26 02:57:34,017 - PoynterShopScraper - INFO - Found: Trauma-informed Reporting: A Mental Health Reporting Project Webinar on 2026-06-09
2026-05-26 02:57:34,019 - PoynterShopScraper - INFO - Found: Lead with Influence (August 2026) on 2026-08-20
2026-05-26 02:57:34,020 - PoynterShopScraper - INFO - Found: Essential Skills for New Managers (Nov. 2026) on 2026-11-16
2026-05-26 02:57:34,021 - PoynterShopScraper - INFO - Found: Reporting on Brain Health & Research: A Poynter Fellowship (2026-2027) on 2026-12-01
2026-05-26 02:57:34,022 - PoynterShopScraper - INFO - Found: Vertical Video for Creators and Journalists on 2026-07-16
2026-05-26 02:57:34,023 - PoynterShopScraper - INFO - Filtered 3 events beyond 2 months out
2026-05-26 02:57:34,023 - PoynterShopScraper - INFO - Found 3 events
2026-05-26 02:57:34,024 - PoynterShopScraper - INFO - Written to cities/publisher-resources/poynter_shop.ics
2026-05-26 02:57:34,256 - LenfestEventsScraper - INFO - Scraping Lenfest Institute
2026-05-26 02:57:34,256 - LenfestEventsScraper - INFO - Fetching events listing: https://www.lenfestinstitute.org/get-involved/events/
2026-05-26 02:57:34,538 - LenfestEventsScraper - INFO - Found: Walking the news: Building walking tours to engage audiences and generate revenue on 2026-04-30
2026-05-26 02:57:34,538 - LenfestEventsScraper - INFO - Found 1 events
2026-05-26 02:57:34,538 - LenfestEventsScraper - INFO - Found 1 events
2026-05-26 02:57:34,539 - LenfestEventsScraper - INFO - Written to cities/publisher-resources/lenfest.ics
2026-05-26 02:57:34,703 - JournalismConferencesScraper - INFO - Scraping Journalism Conferences
2026-05-26 02:57:34,703 - JournalismConferencesScraper - INFO - Fetching Airtable embed page for access token
2026-05-26 02:57:38,199 - JournalismConferencesScraper - INFO - Fetching shared view data from Airtable API
2026-05-26 02:57:38,505 - JournalismConferencesScraper - INFO - Found: Knight Media Forum 2026 on 2026-02-10
2026-05-26 02:57:38,505 - JournalismConferencesScraper - INFO - Found: NASH on 2026-02-13
2026-05-26 02:57:38,505 - JournalismConferencesScraper - INFO - Found: Africa Media Festival on 2026-02-25
2026-05-26 02:57:38,505 - JournalismConferencesScraper - INFO - Found: Association of Community Publishers Conference & Trade Show 2026 on 2026-02-26
2026-05-26 02:57:38,505 - JournalismConferencesScraper - INFO - Found: ProCon26: Spring College Media Convention on 2026-03-04
2026-05-26 02:57:38,505 - JournalismConferencesScraper - INFO - Found: ACP Spring National College Media Conference 2026 on 2026-03-05
2026-05-26 02:57:38,505 - JournalismConferencesScraper - INFO - Found: IIJ Freelance Conference 2026 on 2026-03-05
2026-05-26 02:57:38,505 - JournalismConferencesScraper - INFO - Found: NICAR26 on 2026-03-05
2026-05-26 02:57:38,506 - JournalismConferencesScraper - INFO - Found: Media Subscriptions Summit on 2026-03-09
2026-05-26 02:57:38,506 - JournalismConferencesScraper - INFO - Found: Northern Short Course Photojournalism Conference '26 on 2026-03-12
2026-05-26 02:57:38,506 - JournalismConferencesScraper - INFO - Found: RTDNA World Tour - Washington D.C. on 2026-03-12
2026-05-26 02:57:38,506 - JournalismConferencesScraper - INFO - Found: Sunshine Fest 2026 on 2026-03-15
2026-05-26 02:57:38,506 - JournalismConferencesScraper - INFO - Found: RTDNA World Tour - Washington D.C. on 2026-03-16
2026-05-26 02:57:38,506 - JournalismConferencesScraper - INFO - Found: Digiday Publishing Summit on 2026-03-23
2026-05-26 02:57:38,506 - JournalismConferencesScraper - INFO - Found: North Carolina News & Information Summit on 2026-03-27
2026-05-26 02:57:38,506 - JournalismConferencesScraper - INFO - Found: News Industry Mega Conference 2026 on 2026-03-30
2026-05-26 02:57:38,506 - JournalismConferencesScraper - INFO - Found: Online News Association Conference 2026 on 2026-03-30
2026-05-26 02:57:38,506 - JournalismConferencesScraper - INFO - Found: RTDNA World Tour - Chicago, IL on 2026-03-30
2026-05-26 02:57:38,506 - JournalismConferencesScraper - INFO - Found: Story Discovery at Scale on 2026-04-09
2026-05-26 02:57:38,506 - JournalismConferencesScraper - INFO - Found: Midwest Journalism Conference '26 on 2026-04-10
2026-05-26 02:57:38,506 - JournalismConferencesScraper - INFO - Found: RTDNA World Tour - St. Paul, MN on 2026-04-10
2026-05-26 02:57:38,506 - JournalismConferencesScraper - INFO - Found: SPJ Region 4 2026 Conference on 2026-04-10
2026-05-26 02:57:38,506 - JournalismConferencesScraper - INFO - Found: SPJ Region 5 2026 Conference on 2026-04-10
2026-05-26 02:57:38,506 - JournalismConferencesScraper - INFO - Found: SPJ Region 6 2026 Conference on 2026-04-10
2026-05-26 02:57:38,506 - JournalismConferencesScraper - INFO - Found: SPJ Region 7 2026 Conference on 2026-04-10
2026-05-26 02:57:38,507 - JournalismConferencesScraper - INFO - Found: SPJ Region 11 2026 Conference on 2026-04-10
2026-05-26 02:57:38,507 - JournalismConferencesScraper - INFO - Found: SPJ Region 12 2026 Conference on 2026-04-10
2026-05-26 02:57:38,507 - JournalismConferencesScraper - INFO - Found: SPJ Region 10 2026 Conference on 2026-04-11
2026-05-26 02:57:38,507 - JournalismConferencesScraper - INFO - Found: Digital Media LATAM 2026 on 2026-04-15
2026-05-26 02:57:38,507 - JournalismConferencesScraper - INFO - Found: International Journalism Festival on 2026-04-15
2026-05-26 02:57:38,507 - JournalismConferencesScraper - INFO - Found: RTDNA World Tour - Perugia on 2026-04-15
2026-05-26 02:57:38,507 - JournalismConferencesScraper - INFO - Found: Society of Environmental Journalists 2026 Conference on 2026-04-15
2026-05-26 02:57:38,507 - JournalismConferencesScraper - INFO - Found: Democracy XChange on 2026-04-16
2026-05-26 02:57:38,507 - JournalismConferencesScraper - INFO - Found: PREC '26 on 2026-04-16
2026-05-26 02:57:38,507 - JournalismConferencesScraper - INFO - Found: RTDNA World Tour - Las Vegas, NV on 2026-04-17
2026-05-26 02:57:38,507 - JournalismConferencesScraper - INFO - Found: SPJ Region 2 2026 Conference on 2026-04-18
2026-05-26 02:57:38,507 - JournalismConferencesScraper - INFO - Found: SPJ Region 9 2026 Conference on 2026-04-18
2026-05-26 02:57:38,507 - JournalismConferencesScraper - INFO - Found: American Society of Journalists and Authors 2026 on 2026-04-20
2026-05-26 02:57:38,507 - JournalismConferencesScraper - INFO - Found: American Copy Editors Society Conference 2026 on 2026-04-23
2026-05-26 02:57:38,507 - JournalismConferencesScraper - INFO - Found: Religion News Association 2026 Conference on 2026-04-23
2026-05-26 02:57:38,507 - JournalismConferencesScraper - INFO - Found: Digital Media Asia 2026 on 2026-04-28
2026-05-26 02:57:38,507 - JournalismConferencesScraper - INFO - Found: Reva and David Logan Symposium on Investigative Reporting on 2026-05-01
2026-05-26 02:57:38,507 - JournalismConferencesScraper - INFO - Found: World Congress of News Media 2026 on 2026-05-04
2026-05-26 02:57:38,508 - JournalismConferencesScraper - INFO - Found: RightsCon on 2026-05-05
2026-05-26 02:57:38,508 - JournalismConferencesScraper - INFO - Found: IPI World Congress and Media Innovation Festival on 2026-05-06
2026-05-26 02:57:38,508 - JournalismConferencesScraper - INFO - Found: 2026 SABEW Conference (Society for Advancing Business Editing and Writing) on 2026-05-07
2026-05-26 02:57:38,508 - JournalismConferencesScraper - INFO - Found: RTDNA World Tour - Philadelphia, PA on 2026-05-07
2026-05-26 02:57:38,508 - JournalismConferencesScraper - INFO - Found: Media Party 2026 - New York on 2026-05-08
2026-05-26 02:57:38,508 - JournalismConferencesScraper - INFO - Found: Hacks/Hackers AI x Journalism Summit 2026 on 2026-05-12
2026-05-26 02:57:38,508 - JournalismConferencesScraper - INFO - Found: Newsrewired 2026 on 2026-05-13
2026-05-26 02:57:38,508 - JournalismConferencesScraper - INFO - Found: Collaborative Journalism Summit '26 on 2026-05-14
2026-05-26 02:57:38,508 - JournalismConferencesScraper - INFO - Found: The Newsletter Conference 2026 on 2026-05-15
2026-05-26 02:57:38,508 - JournalismConferencesScraper - INFO - Found: Health Journalism 2026 on 2026-05-27
2026-05-26 02:57:38,508 - JournalismConferencesScraper - INFO - Found: Data Harvest 2026 on 2026-05-28
2026-05-26 02:57:38,508 - JournalismConferencesScraper - INFO - Found: City & Regional Magazine Association Conference on 2026-05-30
2026-05-26 02:57:38,508 - JournalismConferencesScraper - INFO - Found: World Media Congress 2026 on 2026-06-01
2026-05-26 02:57:38,508 - JournalismConferencesScraper - INFO - Found: Education Writer's Association 2026 National Seminar on 2026-06-02
2026-05-26 02:57:38,508 - JournalismConferencesScraper - INFO - Found: International Communication Association Conference 2026 on 2026-06-04
2026-05-26 02:57:38,508 - JournalismConferencesScraper - INFO - Found: SRCCON 2026 on 2026-06-08
2026-05-26 02:57:38,509 - JournalismConferencesScraper - INFO - Found: Audience Summit on 2026-06-10
2026-05-26 02:57:38,509 - JournalismConferencesScraper - INFO - Found: Canadian Association of Journalists 2026 on 2026-06-12
2026-05-26 02:57:38,509 - JournalismConferencesScraper - INFO - Found: Catholic Media Conference '26 on 2026-06-16
2026-05-26 02:57:38,509 - JournalismConferencesScraper - INFO - Found: INN Days 2026 on 2026-06-16
2026-05-26 02:57:38,509 - JournalismConferencesScraper - INFO - Found: European Publishing Congress on 2026-06-17
2026-05-26 02:57:38,509 - JournalismConferencesScraper - INFO - Found: GlobalFact 2026 on 2026-06-17
2026-05-26 02:57:38,509 - JournalismConferencesScraper - INFO - Found: Investigative Reporters & Editors Conference 2026 on 2026-06-18
2026-05-26 02:57:38,509 - JournalismConferencesScraper - INFO - Found: RTDNA World Tour - Washington D.C. on 2026-06-18
2026-05-26 02:57:38,509 - JournalismConferencesScraper - INFO - Found: Global Media Forum on 2026-06-23
2026-05-26 02:57:38,509 - JournalismConferencesScraper - INFO - Found: Asian American Journalist Association Conference 2026 on 2026-06-24
2026-05-26 02:57:38,509 - JournalismConferencesScraper - INFO - Found: Digital Media India 2026 on 2026-06-24
2026-05-26 02:57:38,509 - JournalismConferencesScraper - INFO - Found: Outlier 2026 on 2026-06-24
2026-05-26 02:57:38,509 - JournalismConferencesScraper - INFO - Found: Public Media Development and Marketing Conference '26 on 2026-07-08
2026-05-26 02:57:38,509 - JournalismConferencesScraper - INFO - Found: Association of Alternative Media Convention '26 on 2026-07-09
2026-05-26 02:57:38,509 - JournalismConferencesScraper - INFO - Found: International Society of Weekly Newspaper Editors Conference '26 on 2026-07-15
2026-05-26 02:57:38,509 - JournalismConferencesScraper - INFO - Found: South Asia News Media Festival on 2026-07-20
2026-05-26 02:57:38,509 - JournalismConferencesScraper - INFO - Found: Indigenous Media Conference '26 on 2026-07-22
2026-05-26 02:57:38,509 - JournalismConferencesScraper - INFO - Found: National Association of Hispanic Journalists Conference and Expo 2026 on 2026-07-22
2026-05-26 02:57:38,510 - JournalismConferencesScraper - INFO - Found: Festival Gabo 2026 on 2026-07-24
2026-05-26 02:57:38,510 - JournalismConferencesScraper - INFO - Found: AEJMC 2026 on 2026-08-05
2026-05-26 02:57:38,510 - JournalismConferencesScraper - INFO - Found: National Association of Black Journalists Convention 2026 on 2026-08-12
2026-05-26 02:57:38,510 - JournalismConferencesScraper - INFO - Found: LMA Fest on 2026-08-18
2026-05-26 02:57:38,510 - JournalismConferencesScraper - INFO - Found: Media Party 2026 - Barcelona on 2026-09-07
2026-05-26 02:57:38,510 - JournalismConferencesScraper - INFO - Found: Local Independent Online News Publishers Summit 2026 on 2026-09-09
2026-05-26 02:57:38,510 - JournalismConferencesScraper - INFO - Found: The Association of LGBTQ+ Journalists 2026 National Convention on 2026-09-10
2026-05-26 02:57:38,510 - JournalismConferencesScraper - INFO - Found: Senior Leadership 2026 on 2026-09-14
2026-05-26 02:57:38,510 - JournalismConferencesScraper - INFO - Found: International Symposium on Online Journalism 26 on 2026-09-17
2026-05-26 02:57:38,510 - JournalismConferencesScraper - INFO - Found: National Newspaper Association Foundation Convention & Trade Show 2026 on 2026-09-17
2026-05-26 02:57:38,510 - JournalismConferencesScraper - INFO - Found: Media Innovation Week 2026 on 2026-09-21
2026-05-26 02:57:38,510 - JournalismConferencesScraper - INFO - Found: 2026 NFPW Communications Conference on 2026-09-24
2026-05-26 02:57:38,510 - JournalismConferencesScraper - INFO - Found: Science Writers 2026 on 2026-09-25
2026-05-26 02:57:38,510 - JournalismConferencesScraper - INFO - Found: Society of Professional Journalists 2026 on 2026-10-01
2026-05-26 02:57:38,510 - JournalismConferencesScraper - INFO - Found: Journalism and Women Symposium: Camp 2026 on 2026-10-02
2026-05-26 02:57:38,510 - JournalismConferencesScraper - INFO - Found: FIAT-IFTA World Conference 2026 on 2026-10-06
2026-05-26 02:57:38,510 - JournalismConferencesScraper - INFO - Found: Radically Rural on 2026-10-06
2026-05-26 02:57:38,511 - JournalismConferencesScraper - INFO - Found: FIPP Congress 2026 on 2026-10-13
2026-05-26 02:57:38,511 - JournalismConferencesScraper - INFO - Found: News Product Alliance Summit 2026 on 2026-10-21
2026-05-26 02:57:38,511 - JournalismConferencesScraper - INFO - Found: Union for Democratic Communications 2026 on 2026-10-22
2026-05-26 02:57:38,511 - JournalismConferencesScraper - INFO - Found: Trust Conference on 2026-11-04
2026-05-26 02:57:38,513 - JournalismConferencesScraper - INFO - Filtered 20 events beyond 2 months out
2026-05-26 02:57:38,513 - JournalismConferencesScraper - INFO - Found 78 events
2026-05-26 02:57:38,526 - JournalismConferencesScraper - INFO - Written to cities/publisher-resources/journalism_conferences.ics
